,State/UT,District,Households,Households_Rural_Livable,Households_Urban_Livable,Households_Rural_Dilapidated,Households_Urban_Dilapidated,Households_Rural_Toilet_Premise,Households_Urban_Toilet_Premise
0,Jammu and Kashmir,Kupwara,330018088.96,191740509.68576,163358954.0352,27391501.38368,15840868.270079998,161378845.50144,231672698.44992
1,Jammu and Kashmir,Badgam,352834899.21,163362558.33422998,119258195.93297999,13760561.06919,9173707.37946,293911471.04192996,318962748.88584
2,Laddakh,Leh,29587072.36,15237342.2654,16154541.50856,621328.51956,325457.79596,26066210.74916,28344415.32088
3,Laddakh,Kargil,23178447.36,16989801.91488,15946771.783679998,811245.6575999999,278141.36832,22436737.04448,22598986.176
4,Jammu and Kashmir,Punch,217291184.64,129288254.8608,59320493.40672,5214988.431359999,1738329.4771200002,29768892.295679998,163620262.03392
5,Jammu and Kashmir,Rajouri,456155620.84,241306323.42435998,84844945.47624001,12316201.762680002,7754645.55428,46527873.325679995,390013055.8182
6,Jammu and Kashmir,Kathua,461592334.09,169404386.61103,124629930.20429999,16155731.693149999,14309362.356789999,65546111.44077999,309728456.17438996
7,Jammu and Kashmir,Baramula,673272756.25,310378740.63125,228912737.125,35683456.08125,33663637.8125,500241657.89375,622777299.53125
8,Jammu and Kashmir,Bandipore,96189017.76,51653502.53712001,29818595.505599998,7117987.31424,4136127.7636800003,67428501.44976,90706243.74768
9,Jammu and Kashmir,Srinagar,687692931.21,264074085.58464,159544760.04072002,43324654.66623,15129244.486620001,609983629.98327,674626765.51701
10,Jammu and Kashmir,Ganderbal,59824037.16,28356593.61384,13161288.1752,5683283.5302,2692081.6722,41577705.8262,54619345.92707999
11,Jammu and Kashmir,Pulwama,286364237.29,123136622.0347,121418436.61096,13172754.915339999,8590927.118700001,179550376.78083003,260877820.17119
12,Jammu and Kashmir,Shupiyan,65428685.44,21722323.566080004,22507467.79136,3860292.4409600003,2159146.6195199997,38602924.4096,62026393.79712
13,Jammu and Kashmir,Anantnag,771356192.89,333997231.52137,219836514.97364998,39339165.83739,23912041.979590002,391848945.98811996,582373925.63195
14,Jammu and Kashmir,Kulgam,146724769.0,71895136.81,61624402.98,6896064.143000001,6162440.298,61184228.673,85833989.865
15,Jammu and Kashmir,Doda,178535026.89,107121016.134,42312801.37293,2856560.4302399997,5177515.779809999,42848406.4536,166751715.11526
16,Jammu and Kashmir,Ramban,80321028.84,41365329.8526,15501958.566120002,1686741.6056400002,1927704.6921599999,14297143.133520002,66425490.85068001
17,Jammu and Kashmir,Kishtwar,61420136.41,31938470.933199998,8291718.415349999,2088284.6379399998,429940.95486999996,12284027.281999998,57366407.406940006
18,Jammu and Kashmir,Udhampur,336208896.0,150285376.512,57155512.32,6724177.92,6051760.1280000005,24879458.304,252492880.896
19,Jammu and Kashmir,Reasi,116279558.89,63837477.83061,45930425.761549994,1744193.38335,1279075.14779,10465160.3001,91628292.40531999
20,Jammu and Kashmir,Jammu,2526158068.81,970044698.42304,570911723.5510601,123781745.37169,85889374.33953999,621434884.92726,2144708200.4196901
21,Jammu and Kashmir,Samba,130498636.96,39802084.2728,23228757.37888,4306455.019679999,1435485.0065600001,33929645.6096,92262536.33072
22,Himachal Pradesh,Chamba,400924533.61,152351322.7718,74571963.25146002,9221264.27303,2806471.73527,195651172.40168,348804344.2407
23,Himachal Pradesh,Kangra,3935404195.84,995657261.5475202,747726797.2096001,55095658.74175999,62966467.13344001,2534400302.12096,3238837653.17632
24,Himachal Pradesh,Lahul and Spiti,3039443.56,1024292.4797200002,,24315.54848,,2373805.42036,
25,Himachal Pradesh,Kullu,356091996.16,97925298.94400002,54838167.408640005,4273103.95392,4629195.950080001,193001861.91872,322619348.52096003
26,Himachal Pradesh,Mandi,2142069806.25,599779545.75,370578076.48125,34273116.9,14994488.64375,1756497241.125,1970704221.75
27,Himachal Pradesh,Hamirpur,446679771.04,96482830.54464,76828920.61888,4466797.7104,2680078.62624,397991675.99664,412285428.66992
28,Himachal Pradesh,Una,421140170.89,106548463.23517,102758201.69715999,5895962.39246,20214728.202719998,247630420.48331997,314170567.48393995
29,Himachal Pradesh,Bilaspur,270421580.25,72743405.08725,45701247.062249996,3515480.54325,2163372.642,186050047.212,252844177.53375
30,Himachal Pradesh,Solan,596805356.16,146217312.2592,111602601.60192,11339301.76704,8355274.9862399995,411795695.7504,535931209.83167994
31,Himachal Pradesh,Sirmaur,369239283.36,114094938.55824,72740138.82192001,10338699.93408,3692392.8336,210097152.23184,354838951.30895996
32,Himachal Pradesh,Shimla,1407487772.25,343427016.42899996,254755286.77725002,32372218.761749998,18297341.03925,841677687.8055,1276591409.43075
33,Himachal Pradesh,Kinnaur,19814961.96,5805783.854280001,,198149.6196,,13711953.676320001,
34,Punjab,Gurdaspur,3676578971.04,1816230011.6937602,1511073957.0974402,330892107.3936,191182106.49408,1841966064.49104,3147151599.21024
35,Punjab,Kapurthala,682270072.09,282459809.84526,218326423.0688,41618474.39749,27973072.955689996,528077035.79766005,642016137.83669
36,Punjab,Jalandhar,5014480969.0,2341762612.5230002,1910517249.189,310897820.078,240695086.512,3811005536.44,4803872768.302
37,Punjab,Hoshiarpur,3038931002.25,1245961710.9225,1042353333.7717499,197530515.14625,148907619.11025003,1732190671.2825,2701609661.0002503
38,Punjab,Shahid Bhagat Singh Nagar,536158656.01,214999621.06001,193017116.1636,28952567.42454,34850312.640650004,358153982.21467996,456271016.26451
39,Punjab,Fatehgarh Sahib,305886108.16,119601468.29056002,107977796.18048,19576710.922240004,13764874.8672,252356039.232,287227055.56224
40,Punjab,Ludhiana,10749977860.41,4848240015.04491,4396740944.90769,763248428.0891099,526748915.16009,9406230627.85875,10416728546.73729
41,Punjab,Moga,831970567.21,376050696.3789201,289525757.38908,61565821.97354001,55742028.003070004,710502864.39734,787876127.1478701
42,Punjab,Firozpur,2523957121.0,1284694174.589,1037346376.7310001,272587369.068,179200955.591,1680955442.5859997,2289229108.747
43,Punjab,Muktsar,502463606.49,265300784.22672,202492833.41546997,53763605.89443,45724188.19059,363281187.49227,451212318.62802005
44,Punjab,Faridkot,252374527.69,123663518.56809999,101959309.18676,19432838.63213,20442336.742889997,202151996.67968997,234203561.69632
45,Punjab,Bathinda,1265381412.84,646609901.96124,409983577.76015997,93638224.55016,68330596.29336001,1066716531.0241199,1178070095.35404
46,Punjab,Mansa,385686393.21,179344172.84265,131519060.08461,27769420.31112,22755497.19939,242596741.32908997,327833434.2285
47,Punjab,Patiala,2676706821.61,1284819274.3727999,861899596.5584201,190046184.33431,112421686.50762,2069094373.10453,2593728910.1400905
48,Punjab,Amritsar,4368588682.09,2411460952.51368,1856650189.88825,340749917.20302004,235903788.83286002,2656101918.71072,4080261829.0720606
49,Punjab,Tarn Taran,713819462.76,397597440.75732005,311225285.76336,57819376.483559996,50681181.85596,462555011.86847997,626019668.84052
50,Punjab,Rupnagar,435552726.01,155056770.45956,120212552.37876,26133163.560599998,21777636.3005,247829501.09969,399401849.75117
51,Punjab,Sahibzada Ajit Singh Nagar,848760822.25,366664675.2120001,201156314.87325,61959540.02425,32252911.2455,515197819.10575,784254999.7590001
52,Punjab,Sangrur,2015507151.36,921086768.1715201,693334460.06784,122945936.23296,94728836.11392,1584188620.9689596,1854266579.2512
53,Punjab,Barnala,245859264.01,122192054.21297,100802298.2441,15980852.16065,14505696.57659,197179129.73602,221765056.13702
54,Chandigarh,Chandigarh,890228666.89,417517244.77141,236800825.39274,24926402.67292,31158003.341149997,783401226.8632,779840312.19564
55,Uttarakhand,Uttarkashi,146916216.81,39667378.5387,23359678.472790003,4407486.5043,1175329.73448,58031905.63995,134428338.38115
56,Uttarakhand,Chamoli,347225956.0,91320426.42800002,40278210.896,8680648.9,3125033.6040000003,163196199.32,303822711.5
57,Uttarakhand,Rudraprayag,137262312.81,27177937.93638,13314444.34257,2607983.9433899997,411786.93843000004,70003779.53310001,125732278.53396
58,Uttarakhand,Tehri Garhwal,646359436.96,178395204.60096002,68514100.31776,18098064.23488,4524516.05872,323826077.91696,619858700.0446401
59,Uttarakhand,Dehradun,2476435790.44,661208356.04748,505192901.24976,96580995.82716,59434458.97056,1847421099.66824,2357566872.49888
60,Uttarakhand,Garhwal,1001481974.44,251371975.58444005,144213404.31936002,18026675.539920002,11016301.718840001,483715793.65452003,948403429.79468
61,Uttarakhand,Pithoragarh,440760632.49,111953200.65246001,43635302.616510004,10137494.54727,2203803.16245,211565103.5952,425334010.35285
62,Uttarakhand,Bageshwar,99822079.21,25055341.88171,9083809.20811,2894840.29709,898398.7128899998,53404812.377349995,89839871.28899999
63,Uttarakhand,Almora,790385750.44,190482965.85604003,114605933.8138,13436557.757480001,10275014.75572,407839047.22704005,726364504.65436
64,Uttarakhand,Champawat,96120376.81,38736511.85443,27009825.88361,5767222.6086,5671102.231790001,38832632.231240004,76800181.07119
65,Uttarakhand,Nainital,891995875.69,282762692.59373003,176615183.38662001,45491789.66019,26759876.2707,619045137.7288601,845612090.15412
66,Uttarakhand,Udham Singh Nagar,1719420862.81,789214176.0297899,625869194.06284,115201197.80826999,68776834.5124,978350470.93889,1581867193.7851999
67,Uttarakhand,Hardwar,2381547361.21,1150287375.4644299,602531482.38613,126222010.14413,52394041.94662001,1195536775.32742,2205312856.4804597
68,Haryana,Panchkula,270770316.01,95311151.23552,61464861.73427,13267745.484490002,12726204.85247,119138939.04439999,237194796.82476
69,Haryana,Ambala,993863455.36,439287647.26912004,282257221.32224,42736128.58048,32797494.026879996,507864225.68896,887520065.63648
70,Haryana,Yamunanagar,1279657447.29,602718657.6735901,433803874.63131,81898076.62656,51186297.8916,588642425.7534,1176005194.05951
71,Haryana,Kurukshetra,851594960.41,391733681.7886,252072108.28136003,36618583.29763,29805823.61435,588452117.64331,786873743.41884
72,Haryana,Kaithal,941182633.69,456473577.33965003,347296391.83161,45176766.41712,38588487.98129,543062379.6391301,778358038.0616301
73,Haryana,Karnal,1836996744.04,872573453.4189999,538240046.00372,90012840.45796,47761915.34503999,1260179766.41144,1682689017.5406399
74,Haryana,Panipat,1071292176.36,509935075.94736,417803948.78040004,44994271.40712,31067473.114439998,714551881.63212,1016656275.3656402
75,Haryana,Sonipat,1742511443.56,874740744.6671201,620334073.90736,81898037.84732,59245389.08104,979291431.2807201,1606595550.9623199
76,Haryana,Jind,1354240000.0,692016640.0,459087360.0,67712000.0,37918719.99999999,694725120.0,1186314239.9999998
77,Haryana,Fatehabad,667602244.0,309767441.21599996,225649558.47199997,38053327.908,32712509.956000004,486682035.87600005,606850439.796
78,Haryana,Sirsa,1147800192.64,478632680.33088005,378774063.5712,67720211.36576001,47059807.89824,1004325168.5600002,1100740384.74176
79,Haryana,Hisar,2080509278.76,967436814.6234,669923987.76072,114428010.3318,68656806.19908,1300318299.225,1862055804.4901998
80,Haryana,Bhiwani,2081932635.24,955607079.5751599,866083976.2598401,110342429.66771999,91605035.95056002,1024310856.5380801,1807117527.38832
81,Haryana,Rohtak,942133913.64,464472019.42451996,313730593.24211997,44280293.94108,25437615.66828,550206205.56576,867705334.4624399
82,Haryana,Jhajjar,841835407.36,379667768.71936005,344310681.61024004,41249934.960640006,37882593.331199996,492473713.3056,771963068.5491201
83,Haryana,Mahendragarh,717929153.64,302248173.68244,267069645.15408,22255803.76284,20102016.30192,279992369.9196,554241306.61008
84,Haryana,Rewari,722287125.16,301193731.19172,223909008.7996,23835475.13028,17334891.00384,359698988.32967997,634168095.8904799
85,Haryana,Gurgaon,2742522634.81,1077811395.48033,751451201.9379399,87760724.31392,106958382.75759,1799094848.4353597,2514893256.12077
86,Haryana,Mewat,500126132.25,292073661.23399997,206051966.48700002,45011351.9025,24006054.347999997,89022451.54050002,312578832.65625
87,Haryana,Faridabad,2215406037.61,957055408.2475201,866223760.7055101,95262459.61723,53169744.90264,1298227938.0394602,1976142185.54812
88,Haryana,Palwal,620802072.81,317229859.20590997,224730350.35722,39110530.58702999,22348874.621159997,199277465.37201,514024116.2866799
89,Delhi,North West,10544558356.89,4913764194.3107395,3627328074.7701597,474505126.06004995,347970425.77737,6759061906.766489,9057775628.56851
90,Delhi,North,906437470.41,229328680.01373002,336288301.52211,8157937.233689999,31725311.46435,888308721.0018,814887285.8985901
91,Delhi,North East,2377352315.61,865356242.8820399,846337424.3571601,66565864.83708,47547046.3122,2258484699.8295,2260862052.1451097
92,Delhi,East,2136454795.24,143142471.28108,517022060.44808,25637457.542880002,40592641.10956,2095862154.1304398,1995448778.7541602
93,Delhi,New Delhi,27734968.96,,7987671.060480001,,1026193.8515200001,,21605540.819840003
94,Delhi,Central,379848406.09,,149280423.59337,,12155148.994879998,,344902352.72972
95,Delhi,West,4921190861.44,2376935186.0755196,1417302968.09472,88581435.50592,137793344.12031996,4286357240.3142395,4424150584.43456
96,Delhi,South West,4194919731.24,1489196504.5902,1161992765.55348,138432351.13092,109067913.01224,3678944604.2974796,3825766794.89088
97,Delhi,South,5344531099.69,2207291344.1719694,1619392923.20607,245848430.58573997,154991401.89101,4842145176.3191395,4703187367.7272
98,Rajasthan,Ganganagar,3165120088.36,1332515557.1995602,1019168668.4519202,79128002.209,104448962.91588,2573242631.83668,2962552402.70496
99,Rajasthan,Hanumangarh,2477580490.09,911749620.35312,797780917.8089801,59461931.76216,76804995.19279,2039048743.3440702,2326448080.19451
100,Rajasthan,Bikaner,2829527164.89,1431740745.43434,772460916.01497,138646831.07961,48101961.80313,834710513.6425499,2620142154.6881394
101,Rajasthan,Churu,2439302954.49,956206758.16008,741548098.1649599,141479571.36042,53664664.998780005,1146472388.6102998,2134390085.1787498
102,Rajasthan,Jhunjhunun,4235523544.81,1033467744.93364,1075822980.3817399,101652565.07543999,76239423.80658,1935634259.9781702,3494306924.4682503
103,Rajasthan,Alwar,9905444581.21,3912650609.57795,2852768039.3884797,356596004.92355996,158487113.29935998,1466005798.01908,7855017552.8995285
104,Rajasthan,Bharatpur,,,,,,,
105,Rajasthan,Dhaulpur,746907036.16,436193709.11744,297269000.39167994,49295864.38655999,26141746.2656,35851537.73568,469057618.70848
106,Rajasthan,Karauli,1327545660.25,828388491.9959999,550931449.00375,74342556.97399999,41153915.46775,108858744.1405,828388491.9959999
107,Rajasthan,Sawai Madhopur,1248357290.41,689093224.3063201,434428337.06268,54927720.77804001,32457289.550660003,109855441.55608001,901313963.67602
108,Rajasthan,Dausa,1769834416.36,833592010.10556,474315623.58448,93801224.06707998,24777681.82904,164594600.72148,1362772500.5972
109,Rajasthan,Jaipur,30021765170.41,12789271962.59466,8135898361.18111,1260914137.15722,360261182.04491997,6604788337.4902,27229741009.56187
110,Rajasthan,Sikar,4982016355.56,1564353135.6458402,1340162399.6456401,139496457.95568,79712261.68896002,2002770574.9351203,4219767853.159321
111,Rajasthan,Nagaur,7093025244.01,3291163713.22064,2269768078.0832,446860590.37263,170232605.85624,1879651689.66265,5716978346.672059
112,Rajasthan,Jodhpur,7950522056.49,3935508417.96255,2051234690.57442,413427146.93748003,135158874.96032998,1089221521.73913,7163420372.897489
113,Rajasthan,Jaisalmer,360798628.09,202408030.35849,145762645.74835998,11545556.09888,6133576.677529999,60253370.89103,239931087.67984998
114,Rajasthan,Barmer,3585674280.25,2129890522.4685001,1039845541.2725,190040736.85325,89641857.00625,347810405.18424994,2968938304.047
115,Rajasthan,Jalor,2184795867.24,1138278646.8320398,797450491.5425999,183522852.84815997,87391834.68959999,246881932.99812,1352388641.8215597
116,Rajasthan,Sirohi,949712142.76,482453768.52208,254522854.25968003,65530137.85044,18044530.71244,153853367.12712,647703681.3623201
117,Rajasthan,Pali,4260394820.89,2134457805.26589,1414451080.53548,230061320.32806,106509870.52225,796693831.5064299,2943932821.2349896
118,Rajasthan,Ajmer,4682035365.16,2336335647.21484,1306287866.8796399,159189202.41544,51502389.01676001,660166986.4875599,4035914484.76792
119,Rajasthan,Tonk,1449066035.56,783944725.2379601,526010970.90827996,27532254.67564,36226650.889,99985556.45364,952036385.36292
120,Rajasthan,Bundi,919836109.44,517867729.61472,309064932.77184004,31274427.720960002,18396722.1888,76346397.08352001,590534782.26048
121,Rajasthan,Bhilwara,4568137744.0,2535316447.92,1375009460.944,164452958.784,59385790.672,479654463.12,3412398894.7679996
122,Rajasthan,Rajsamand,1337189369.76,730105395.88896,413191515.25584,56161953.529920004,13371893.6976,151102398.78288,954753210.0086402
123,Rajasthan,Dungarpur,1255731357.69,779809173.1254901,321467227.56864,77855344.17678,26370358.511490002,114271553.54979,930496936.0482899
124,Rajasthan,Banswara,1847658643.36,1267493829.34496,434199781.1896,168136936.54575998,42496148.79727999,127488446.39184,1524318380.7719998
125,Rajasthan,Chittaurgarh,2076196564.09,1139831913.6854098,556420679.17612,74743076.30724,37371538.15362,199314870.15263999,1505242508.96525
126,Rajasthan,Kota,2654197057.21,1228893237.48823,777679737.7625301,74317517.60188,50429744.08698999,326466238.03683,2038423339.93728
127,Rajasthan,Baran,1017533441.44,515889454.81008005,355119171.06256,31543536.68464,20350668.8288,76315008.108,583046661.94512
128,Rajasthan,Jhalawar,1313243377.69,784006296.48093,393973013.30700004,56469465.24067,27578110.93149,94553523.19368,878559819.6746101
129,Rajasthan,Udaipur,7194737755.24,4324037390.8992405,1582842306.1528,273400034.69912,86336853.06288,669110611.2373201,6201863945.01688
130,Rajasthan,Pratapgarh,547943827.24,346300498.81568,131506518.5376,13698595.681,7671213.581359999,33972517.28888,384108622.89523995
131,Uttar Pradesh,Saharanpur,7907442206.44,3676960625.9946,2949475943.0021195,450724205.76708,245130708.39964,3392292706.56276,7274846829.9248
132,Uttar Pradesh,Muzaffarnagar,9406090225.0,4721857292.95,3762436090.0,432680150.35,300994887.2,5163943533.525,8710039548.35
133,Uttar Pradesh,Bijnor,8254140415.29,4341677858.44254,3524517957.32883,453977722.84095,264132493.28928003,4160086769.3061595,7626825743.727961
134,Uttar Pradesh,Moradabad,10981279430.56,6973112438.4056,5073351096.91872,658876765.8336,351400941.77792,5249051567.807679,10278477547.004158
135,Uttar Pradesh,Rampur,2915913600.64,1892427926.81536,1414218096.3104,180786643.23968,113720630.42495999,1644575270.7609599,2749706525.40352
136,Uttar Pradesh,Jyotiba Phule Nagar,2037384878.76,1232617851.6498,1032954133.5313201,120205707.84684,81495395.1504,821066106.14028,1874394088.4592001
137,Uttar Pradesh,Meerut,6461314153.29,3224195762.4917097,2319611781.03111,264913880.28489,135687597.21909,3430957815.3969903,6002560848.40641
138,Uttar Pradesh,Baghpat,998850741.16,522398937.6266799,464465594.63939995,31963223.71712,30964372.97596,587324235.8020799,864005891.1034
139,Uttar Pradesh,Ghaziabad,14202037087.29,7200432803.25603,4842894646.76589,511273335.14244,255636667.57122,8492818178.19942,13463531158.750921
140,Uttar Pradesh,Gautam Buddha Nagar,2598654529.0,1099230865.767,730221922.649,62367708.695999995,33782508.877000004,1343504391.493,2377768894.035
141,Uttar Pradesh,Bulandshahr,7745355259.29,4360635010.980269,3353738827.2725697,333050276.14947,216869947.26011997,2393314775.1206098,6583551970.396501
142,Uttar Pradesh,Aligarh,7362652474.81,4174623953.2172704,3121764649.3194404,316594056.41683,198791616.81987002,1575607629.60934,6214078688.739641
143,Uttar Pradesh,Mahamaya Nagar,1391536190.89,766736441.18039,645672792.57296,58444520.01738001,44529158.10848001,229603471.49685,1011646810.7770302
144,Uttar Pradesh,Mathura,3425643841.0,1825868167.2529998,1387385755.605,137025753.64,78789808.343,671426192.8360001,2781622798.892
145,Uttar Pradesh,Agra,8168960153.29,4321379921.09041,3120542778.5567803,351265286.59146994,155210242.91251,1356047385.44614,6698547325.697801
146,Uttar Pradesh,Firozabad,2866188954.24,1650924837.64224,1493284445.15904,192034659.93407997,114647558.1696,326745540.78336,2353141131.43104
147,Uttar Pradesh,Mainpuri,1691331425.64,903170981.2917601,703593873.0662401,126849856.92300001,74418582.72816001,228329742.46140003,1275263894.9325602
148,Uttar Pradesh,Budaun,7527714053.76,4923124991.15904,3899355879.84768,609744838.35456,474245985.38688004,1580819951.2896,5833978391.6640005
149,Uttar Pradesh,Bareilly,9888532369.21,6229775392.6023,4608056084.05186,761416992.4291699,395541294.76839995,4430062501.406079,9127115376.780828
150,Uttar Pradesh,Pilibhit,2128807321.0,1334762190.2670002,970736138.376,195850273.53199998,178819814.96400002,755726598.955,1890380901.0479999
151,Uttar Pradesh,Shahjahanpur,4290289300.09,2638527919.55535,2132273782.1447303,514834716.0108,351803722.60738,1158378111.0243,3685358508.7773104
152,Uttar Pradesh,Kheri,7440960121.0,4762214477.44,3407959735.4179997,825946573.4309999,662245450.769,1361695702.1430001,5670011612.202001
153,Uttar Pradesh,Sitapur,8815369656.04,5456713817.08876,3737716734.16096,1066659728.3808402,749306420.7634001,1049028989.06876,6347066152.348802
154,Uttar Pradesh,Hardoi,8238775363.29,5132757051.32967,3822791768.5665603,683818355.1530701,543759173.97714,1433546913.21246,6096693768.8345995
155,Uttar Pradesh,Unnao,5145996307.36,3036137821.3424,2274530367.8531203,375657730.43727994,262445811.67535996,813067416.5628799,3689679352.3771195
156,Uttar Pradesh,Lucknow,11272514818.41,6447878476.13052,3505752108.5255103,935618729.9280301,462173107.5548099,2423590685.95815,9885995495.74557
157,Uttar Pradesh,Rae Bareli,6059345827.24,3356877588.2909603,2066236927.08884,472628974.52472,315085983.01647997,811952340.8501601,4308194883.16764
158,Uttar Pradesh,Farrukhabad,1693240201.0,1009171159.796,773810771.8570001,145618657.28599998,79582289.44700001,404684408.0389999,1383377244.217
159,Uttar Pradesh,Kannauj,1337876929.0,779982249.607,579300710.257,117733169.752,78934738.811,290319293.593,1011434958.3239999
160,Uttar Pradesh,Etawah,1232894678.76,674393389.28172,499322344.89779997,96165784.94328,51781576.50792,244113146.39448002,1028234162.08584
161,Uttar Pradesh,Auraiya,987681470.76,545200171.8595201,381245047.71336,88891332.36840001,39507258.8304,201487020.03504,742736466.01152
162,Uttar Pradesh,Kanpur Dehat,1642324255.36,932840177.0444798,648718080.8671999,137955237.45024002,96897131.06624001,377734578.7328,1088860981.3036797
163,Uttar Pradesh,Kanpur Nagar,11020275506.25,6479921997.675,4264846620.918751,760399009.93125,528973224.3,2600785019.4750004,9389274731.325
164,Uttar Pradesh,Jalaun,1571496092.41,900467260.95093,645884893.98051,45573386.67989001,55002363.23435,444733394.15203005,1188051045.86196
165,Uttar Pradesh,Jhansi,2549371375.69,1208402032.07706,838743182.60201,50987427.5138,48438056.13811,527719874.76782995,1825349904.99404
166,Uttar Pradesh,Lalitpur,911025562.24,481021496.86271995,329791253.53088003,24597690.180480003,23686664.61824,109323067.46880001,573035078.64896
167,Uttar Pradesh,Hamirpur,969581271.61,489638542.16305,359714651.76731,14543719.07415,15513300.345760003,242395317.9025,666102333.59607
168,Uttar Pradesh,Mahoba,609215933.29,308872478.17803,296688159.51223,10356670.865929998,9747454.93264,108440436.12562001,333241115.50963
169,Uttar Pradesh,Banda,1985816406.25,1050496878.90625,699007375.0,21843980.46875,33758878.90625,397163281.25,1459575058.59375
170,Uttar Pradesh,Chitrakoot,532663320.25,279648243.13125,248753770.55675003,9587939.7645,14381909.646750001,62854271.789500006,312673368.98675
171,Uttar Pradesh,Fatehpur,4051831716.0,2325751404.9839997,1657199171.8439999,230954407.812,174228763.788,741485204.028,2921370667.2359996
172,Uttar Pradesh,Pratapgarh,5666867617.96,2533089825.2281203,1796397034.89332,357012659.93148005,170006028.5388,640356040.82948,3632462143.1123595
173,Uttar Pradesh,Kaushambi,1448715844.0,799691145.888,621499097.076,63743497.13600001,63743497.13600001,199922786.472,744639943.8159999
174,Uttar Pradesh,Allahabad,15589270449.0,7607563979.1119995,4754727486.945,717106440.6539999,452088843.02099997,2431926190.044,13094987177.16
175,Uttar Pradesh,Bara Banki,5110934484.64,2601465652.6817603,2018819121.4328,608201203.67216,449762234.6483201,674643351.97248,3465213580.58592
176,Uttar Pradesh,Faizabad,3477059915.56,1787208796.59784,1255218629.51716,323366572.14708,170375935.86244002,504173687.7562,2649519655.65672
177,Uttar Pradesh,Ambedkar Nagar,3210242281.0,1489552418.3839998,1348301758.02,317813985.819,314603743.53800005,446223677.059,1746371800.8639998
178,Uttar Pradesh,Sultanpur,7914379783.84,3941361132.3523197,2350570795.80048,680636661.41024,348232710.48896,1036783751.68304,5769582862.41936
179,Uttar Pradesh,Bahraich,5779983086.44,3566249564.3334794,2427592896.3048,497078545.43384,329459035.92708,606898224.0762,4595086553.7198
180,Uttar Pradesh,Shrawasti,661899110.76,371987300.24711996,248212166.535,45009139.53168,66189911.076000005,68837507.51904,416996439.77879995
181,Uttar Pradesh,Balrampur,1987715222.44,1127034531.12348,805024665.0882001,133176919.90348001,81496324.12004,202746952.68888,1429167244.93436
182,Uttar Pradesh,Gonda,5276162823.84,2696119202.98224,1714752917.7480001,596206399.0939201,232151164.24896005,416816863.0833601,4067921537.1806397
183,Uttar Pradesh,Siddharthnagar,2636956011.69,1181356293.23712,933482428.13826,174039096.77154,137121712.60788,274243425.21576,1236732369.48261
184,Uttar Pradesh,Basti,2970522506.25,1197120570.01875,1060476534.7312502,297052250.625,201995530.425,389138448.31875,2141746727.0062497
185,Uttar Pradesh,Sant Kabir Nagar,1240103268.01,538204818.31634,469999138.5757899,126490533.33702,79366609.15264,152532701.96523002,616331324.20097
186,Uttar Pradesh,Mahrajganj,3685449122.41,1894320848.91874,1448381505.1071298,324319522.77208,213756049.09977996,615470003.44247,2152302287.48744
187,Uttar Pradesh,Gorakhpur,9046444723.84,4233736130.7571197,2858676532.73344,805133580.4217601,334718454.78208005,1682638718.6342402,7273341557.9673605
188,Uttar Pradesh,Kushinagar,6163804398.01,3445566658.4875903,2385392302.0298705,523923373.83085,579397613.41294,912243050.90548,3840050139.96023
189,Uttar Pradesh,Deoria,4431644784.36,2060714824.7273998,1489032647.54496,376689806.6706,292488555.76776,740084678.98812,2765346345.4406395
190,Uttar Pradesh,Azamgarh,9437306457.64,4558219019.040119,3529552615.1573596,849357581.1875999,452990709.96672,1585467484.88352,6096499971.63544
191,Uttar Pradesh,Mau,2038775347.84,962301964.18048,899099928.3974401,205916310.13184,138636723.65311998,358824461.21984,1294622345.8783998
192,Uttar Pradesh,Ballia,3961204431.61,1889494513.8779702,1429994799.81121,507034167.24608004,368392012.1397301,879387383.81742,2416334703.2821
193,Uttar Pradesh,Jaunpur,10133844889.0,4671702493.829,4509560975.605,729636832.008,445889175.11600006,1560612112.9060001,7276100630.301999
194,Uttar Pradesh,Ghazipur,5800954896.0,2970088906.7520003,2227566680.064,603299309.184,423469707.40799993,1078977610.6560001,3799625456.88
195,Uttar Pradesh,Chandauli,1566251860.81,767463411.7969,576380684.7780799,106505126.53508,72047585.59725998,294455349.83228,1083846287.68052
196,Uttar Pradesh,Varanasi,5701216440.96,2713779025.8969603,2041035485.86368,381981501.54432,199542575.4336,1545029655.5001602,5074082632.4544
197,Uttar Pradesh,Sant Ravidas Nagar (Bhadohi),1152650030.49,549814064.54373,507166013.4156,71464301.89038,65701051.73793,145233903.84174,640873416.95244
198,Uttar Pradesh,Mirzapur,2949739032.25,1522065340.641,1200543786.12575,141587473.54799998,103240866.12875,566349894.1919999,2020571237.09125
199,Uttar Pradesh,Sonbhadra,1832593357.44,1022587093.45152,630412114.95936,32986680.433920003,86131887.79968001,251065289.96927997,1295643503.7100801
200,Uttar Pradesh,Etah,1616023920.04,914669538.74264,701354381.29736,113121674.4028,50096741.521239996,148674200.64367998,1265346729.39132
201,Uttar Pradesh,Kanshiram Nagar,1181461881.76,726599057.2824,591912402.76176,105150107.47664,51984322.79744001,132323730.75712,908544187.0734401
202,Bihar,Pashchim Champaran,8763468659.56,5547275661.501479,4548240234.31164,429409964.31844,648496680.8074399,1007798895.8493999,4723509607.502839
203,Bihar,Purba Champaran,15471006306.25,8663763531.5,6637061705.38125,866376353.15,881847359.45625,2398005977.46875,8354343405.375
204,Bihar,Sheohar,275560000.0,164233760.0,124002000.0,9369040.0,22044800.0,54560880.0,101681640.0
205,Bihar,Sitamarhi,7343872972.96,4310853435.127521,3069738902.6972795,455320124.32352006,477351743.2424,1373304245.9435198,4443043148.6408
206,Bihar,Madhubani,11854549537.96,6022111165.283679,5061892652.70892,557163828.28412,841673017.1951599,2050837070.06708,6579274993.567799
207,Bihar,Supaul,3601224104.04,2236360168.60884,1865434085.8927197,176459981.09796003,280895480.11512,327711393.46764,1685372880.6907198
208,Bihar,Araria,4945943190.76,3185187414.84944,2398782447.5186,182999898.05812,316540364.20864004,331378193.78092,2685647152.58268
209,Bihar,Kishanganj,1981585225.0,1232546009.95,919455544.4,69355482.875,156545232.775,122858283.95,1028442731.775
210,Bihar,Purnia,6377555712.16,4151788768.6161594,2940053183.30576,325255341.32016,618622904.07952,548469791.24576,3769135425.88656
211,Bihar,Katihar,5447473249.0,3377433414.38,2304281184.3269997,272373662.45,386770600.679,691829102.623,3731519175.565
212,Bihar,Madhepura,2603836372.84,1666455278.6176002,1195160895.13356,161437855.11608002,226533764.43708,294233510.13092005,1335768059.26692
213,Bihar,Saharsa,2215556658.09,1424602931.15187,954904919.6367902,146226739.43394002,163951192.69866002,276944582.26125,1497716300.86884
214,Bihar,Darbhanga,10054333603.69,5308688142.74832,4021733441.4760003,814401021.89889,904890024.3321,2101355723.17121,6736403514.4723
215,Bihar,Muzaffarpur,12530429272.36,7568379280.505441,4536015396.59432,1052556058.8782401,852069190.52048,2744164010.64684,9660960968.98956
216,Bihar,Gopalganj,3069802673.64,1630065219.7028399,1215641858.76144,245584213.89119998,187257963.09203997,555634283.92884,1559459758.2091198
217,Bihar,Siwan,4547775943.84,2119263589.82944,1564434924.6809602,372917627.39488,277414332.57423997,918650740.65568,3247112023.90176
218,Bihar,Saran,6046959748.84,3108137310.90376,2509488295.7686,526085498.14908,477709820.15836006,1076358835.29352,3567706251.8156
219,Bihar,Vaishali,5637171577.21,3207550627.4324903,2514178523.43566,693372103.99683,597540187.1842599,1409292894.3025,3495046377.8702
220,Bihar,Samastipur,11161182962.25,6607420313.652,4308216623.4285,1082634747.33825,725476892.54625,1897401103.5825,7835150439.4995
221,Bihar,Begusarai,5382056406.25,3073154207.96875,2341194536.71875,624318543.125,527441527.81250006,1372424383.59375,3105446546.40625
222,Bihar,Khagaria,1557904582.09,916047894.2689198,736888867.3285699,138653507.80601,112169129.91048001,338065294.31352997,1032890737.9256699
223,Bihar,Bhagalpur,4266192919.21,2508521436.49548,1825930569.4218798,375424976.89048004,328496854.77917,1070814422.7217101,3058860323.07357
224,Bihar,Banka,1972212572.16,1193188606.1568,924967696.34304,134110454.90687999,100582841.18015999,218915595.50976002,883551232.3276801
225,Bihar,Munger,949028119.69,556130478.1383401,372019022.9184801,74973221.45551,63584884.01923,247696339.23909006,704178864.80998
226,Bihar,Lakhisarai,431164460.25,253955867.08725,225499012.71074998,33199663.439250004,36217814.661000006,115552075.347,265597307.51400003
227,Bihar,Sheikhpura,175928390.44,105557034.264,78639990.52668001,16537268.701360002,13018700.89256,42750598.87692,91834619.80968
228,Bihar,Nalanda,3802732555.69,2266428603.1912403,1589542208.2784197,361259592.79055,269994011.45399,867023022.6973201,2798811160.98784
229,Bihar,Patna,14643274888.36,8551672534.80224,4539415215.391601,1332538014.84076,761450294.19472,4041543869.1873603,12666432778.431402
230,Bihar,Bhojpur,2620692533.29,1514760284.2416198,1077104631.1821902,228000250.39622998,214896787.72977996,537241969.32445,1797795077.8369398
231,Bihar,Buxar,1119953076.49,636133347.4463199,443501418.2900401,117595073.03145,98555870.73112002,223990615.29799998,752608467.40128
232,Bihar,Kaimur (Bhabua),1159007553.64,698881554.84492,388267530.46940005,75335490.98660001,53314347.46744,168056095.2778,813623302.6552801
233,Bihar,Rohtas,3697381797.21,2133389296.99017,1545505591.23378,236632435.02144,218145526.03539002,780147559.2113101,2529009149.2916403
234,Bihar,Aurangabad,2278124262.09,1316755823.48802,936309071.71899,150356201.29794002,123018710.15286002,391837373.07948,1549124498.2212
235,Bihar,Gaya,6521709200.41,4095633377.85748,2347815312.1476,515215026.83239,306520332.41927004,1076082018.06765,5073889757.91898
236,Bihar,Nawada,1805179158.76,1124626615.90748,716656126.02772,185933453.35228002,115531466.16064002,312295994.46548,1250989157.02068
237,Bihar,Jamui,1272776976.0,817122818.592,622387941.264,101822158.08,108186042.96,151460460.144,622387941.264
238,Bihar,Jehanabad,461356032.64,282349891.97568,180851564.79488,41983398.97024,31833566.25216,102882395.27871999,312338034.09728
239,Bihar,Arwal,208207584.36,128880494.71884,107643321.11412,16240191.58008,12700662.64596,46846706.481000006,81200957.90040001
240,Sikkim,North  District,1852048.81,838978.11093,375965.90843,68525.80597000002,33336.87858,1389036.6075,1802043.49213
241,Sikkim,West District,11544365.29,5956892.48964,1777832.2546599999,912004.8579099999,761928.1091399998,9708811.208889998,10309118.203969998
242,Sikkim,South District,15443328.04,6995827.602119999,2362829.19012,911156.35436,138989.95236,13111385.505959999,15119018.15116
243,Sikkim,East District,67466510.44,28066068.34304,12413837.92096,5059988.283,1146930.67748,57886265.95752,64025718.407560006
244,Arunachal Pradesh,Tawang,1737651.24,814958.43156,434412.81,71243.70084,10425.907439999999,1205929.96056,1694209.959
245,Arunachal Pradesh,West Kameng,,,,,,,
246,Arunachal Pradesh,East Kameng,3887995.24,2262813.2296800003,1839021.74852,101087.87624000001,97199.88100000001,855358.9528,2488316.9536
247,Arunachal Pradesh,Papum Pare,25490381.44,11292238.977920001,8003979.772159999,1019615.2576,892163.3504000001,13968729.02912,23374679.780480005
248,Arunachal Pradesh,Upper Subansiri,3691777.96,2322128.33684,1421334.5146,92294.44900000001,44301.33552,1269971.6182399997,3141703.0439599995
249,Arunachal Pradesh,West Siang,9471006.25,3902054.575,2841301.875,75768.05,198891.13125,6733885.44375,9054281.975
250,Arunachal Pradesh,East Siang,8422184.41,2358211.6348,4750112.00724,126332.76615,362153.92962999997,3992115.41034,7638921.25987
251,Arunachal Pradesh,Upper Siang,1155840.01,337505.28292,549024.00475,4623.3600400000005,12714.240110000002,650737.92563,926983.68802
252,Arunachal Pradesh,Changlang,15936064.0,7936159.8719999995,6103512.511999999,270913.088,127488.51200000002,10406249.792,14549626.432
253,Arunachal Pradesh,Tirap,6210064.0,2688957.712,2931150.208,62100.64,93150.96,5315814.784,5707048.816000001
254,Arunachal Pradesh,Lower Subansiri,5511695.29,2215701.5065800003,1350365.3460499998,82675.42935,38581.867029999994,3753464.4924899996,5429019.86065
255,Arunachal Pradesh,Kurung Kumey,3878930.25,1733881.8217500001,1927828.33425,484866.28125,197825.44275,911548.60875,3126417.7814999996
256,Arunachal Pradesh,Dibang Valley,104329.0,51851.513000000006,50912.551999999996,7511.688,5842.423999999999,67500.86300000001,85758.43800000001
257,Arunachal Pradesh,Lower Dibang Valley,2544025.0,1340701.175,821720.075,81408.8,94128.925,1221132.0,2254006.15
258,Arunachal Pradesh,Lohit,20223908.41,10941134.44981,9444565.227470001,1213434.5046,728060.7027600001,10010834.66295,18039726.30172
259,Arunachal Pradesh,Anjaw,416412.09,219865.58352000001,284409.45747,24984.7254,0.0,115346.14893000001,267336.56178000005
260,Nagaland,Mon,26032444.84,16660764.6976,12677800.637080003,364454.22776,1457816.91104,16322342.914680002,24522563.03928
261,Nagaland,Mokokchung,30556572.84,10419791.33844,10083669.0372,152782.8642,213896.00987999997,29425979.644920003,30098224.247399997
262,Nagaland,Zunheboto,13921107.21,6153129.386820001,5025519.702810001,236658.82257,27842.214420000004,9981433.869570002,13141525.20624
263,Nagaland,Wokha,21779955.61,11238457.09476,4726250.36737,217799.5561,43559.91122,12959073.58795,21061217.07487
264,Nagaland,Dimapur,125370569.61,56040644.61567,43378217.08506001,4011858.22752,2632781.9618100002,114839441.76275998,121358711.38248
265,Nagaland,Phek,21342552.04,11610348.309759999,8302252.743559999,512221.24896,85370.20816,16092284.23816,19976628.709439997
266,Nagaland,Tuensang,25141198.81,13827659.3455,13551106.15859,854800.75954,779377.1631100001,12520317.00738,22325384.543279994
267,Nagaland,Longleng,2291287.69,1514541.16309,1459550.2585300002,50408.32918000001,128312.11064,1580988.5060999999,1734504.7813300001
268,Nagaland,Kiphire,4129836.84,2362266.67248,1148094.64152,41298.3684,16519.34736,1511520.2834400001,3935734.50852
269,Nagaland,Kohima,57912100.0,19458465.6,18473959.9,347472.6,1100329.9,30230116.2,53279132.0
270,Nagaland,Peren,5893727.29,3123675.4637,3601067.3741900004,53043.54561,123768.27309,4544063.74059,5475272.652410001
271,Manipur,Senapati,15867475.56,9472882.90932,10059979.505040001,349084.46232,285614.56008,11503919.781000001,15486656.146559998
272,Manipur,Tamenglong,7896662.01,4469510.69766,4319474.11947,663319.60884,821252.84904,5243383.57464,7636072.16367
273,Manipur,Churachandpur,33437306.25,17922396.15,17554585.78125,769058.04375,769058.04375,27518903.04375,33036058.575
274,Manipur,Bishnupur,31527102.01,10939904.397470003,9489657.70501,1860099.0185900002,1292611.18241,28721189.931110002,29761584.297440004
275,Manipur,Thoubal,108707731.69,36417090.11615,29133672.092919998,5978925.24295,5652802.0478799995,99684989.95973,102293975.52028999
276,Manipur,Imphal West,187145136.01,61945040.01931,57079266.483049996,9918692.20853,8234385.98444,172173525.12919998,180969346.52166998
277,Manipur,Imphal East,123079054.81,44800775.95084,38769902.265149996,5661636.521259999,3938529.75392,111878860.82229,117540497.34355
278,Manipur,Ukhrul,17547721.0,12353595.584,9896914.644,912481.4920000001,737004.282,14108367.684,16863359.880999997
279,Manipur,Chandel,11669056.0,6814728.704,4749305.792,478431.2959999999,1820372.736,8996842.175999999,11307315.264
280,Mizoram,Mamit,4349310.25,2161607.19425,930752.3934999999,256609.30475,43493.1025,3614276.81775,4292769.21675
281,Mizoram,Kolasib,4917749.76,2316260.1369600003,1893333.6575999998,108190.49472000002,118025.99423999999,4706286.52032,4750546.2681599995
282,Mizoram,Aizawl,101830299.21,35233283.526659995,16903829.66886,1731115.0865699998,712812.09447,99182711.43054001,101117487.11553
283,Mizoram,Champhai,9679565.44,4665550.54208,4297727.05536,464619.14112,145193.4816,9185907.60256,9427896.738559999
284,Mizoram,Serchhip,2399401.0,1247688.52,1118120.8660000002,148762.86200000002,230342.49599999998,2313022.5640000002,2385004.594
285,Mizoram,Lunglei,15049744.36,7494772.691279999,4033331.48848,586940.03004,120397.95488,12115044.2098,14628351.51792
286,Mizoram,Lawngtlai,7434347.56,3694870.73732,2572284.25576,386586.07312,118949.56096,4497780.2738,7307963.651479999
287,Mizoram,Saiha,1645319.29,533083.44996,472206.63623000006,85556.60308,37842.343669999995,1431427.7822999998,1605831.62704
288,Tripura,West Tripura,2566810497.69,1062659546.0436599,826512980.2561802,102672419.9076,92405177.91684,2186922544.0318804,2518041098.2338896
289,Tripura,South Tripura,697366619.29,299170279.67541,191078453.68545997,31381497.868049998,25105198.294439998,576024827.53354,683419286.9042
290,Tripura,Dhalai,107180467.84,50910722.22400001,42872187.13600001,7716993.68448,9646242.105600001,71167830.64576001,103321970.99776001
291,Tripura,North Tripura,371028496.41,179577792.26244,127633802.76504,30795365.202030007,26343023.24511,302388224.57415,359897641.5177
292,Meghalaya,West Garo Hills,249466230.25,122238452.8225,85067984.51525001,13720642.66375,15716372.50575,140449487.63075,234248790.20475003
293,Meghalaya,East Garo Hills,55080146.56,26934191.66784,23298901.99488,1982885.2761600004,660961.75872,43678556.22208,53262501.72352
294,Meghalaya,South Garo Hills,15715674.49,8046425.33888,6584867.6113100005,628626.9796,424323.21123,9963737.62666,13735499.504260002
295,Meghalaya,West Khasi Hills,75918111.61,42590060.61321,35529676.23348,6984466.268119999,3492233.1340599996,30974589.536879998,68705891.00705
296,Meghalaya,Ribhoi,40607481.76,21887432.66864,13847151.28016,2395841.42384,1258831.93456,26029395.808159996,37115238.32864
297,Meghalaya,East Khasi Hills,462641382.81,244737291.50649,108720724.96034999,43025648.601330005,9715469.03901,204950132.58483,448299499.94289
298,Meghalaya,Jaintia Hills,70085360.89,32519607.45296,9811950.524600001,5887170.31476,1471792.57869,30557217.34804,67352031.81528999
299,Assam,Kokrajhar,492888841.21,271088862.6655,122236432.62008,64075549.3573,23165775.53687,122729321.46129,444092845.93020993
300,Assam,Dhubri,2714607983.61,1742778325.4776201,1080413977.47678,477771005.11536,331182174.00042,1058697113.6079001,2174400994.8716097
301,Assam,Goalpara,718851169.96,434186106.65584,333546942.86144,90575247.41496,57508093.5968,446406576.54516006,611023494.4660001
302,Assam,Barpeta,2493813831.61,1576090341.5775201,842909075.08418,468837000.34268004,184542223.53914002,1740682054.46378,2314259235.7340803
303,Assam,Morigaon,662964653.61,414352908.50625,283748871.74508,98118768.73428002,60992748.13212,379215781.86492,598657082.20983
304,Assam,Nagaon,6386966642.25,3787471218.85425,2791104422.66325,881401396.6305001,376831031.89275,4598615982.42,6080392243.422001
305,Assam,Sonitpur,3001429096.09,1743830304.82829,966460168.9409801,306145767.80118,135064309.32405,1650786002.8495002,2851357641.2855
306,Assam,Lakhimpur,1075400524.89,696859540.12872,405425997.88353,104313850.91433,59147028.86895,577490081.8659301,1018404297.0708301
307,Assam,Dhemaji,521035406.44,344925439.06328005,251660101.31052,52103540.643999994,37514549.26368,209977268.79531997,498109848.5566399
308,Assam,Tinsukia,1456292449.96,815523771.9776001,540284498.93516,72814622.498,72814622.498,1125714063.81908,1376196365.2122
309,Assam,Dibrugarh,1421403102.25,770400481.4195,422156721.36824995,81019976.82824999,58277527.19224999,1054681101.8694999,1370232590.569
310,Assam,Sivasagar,1642105424.41,990189570.91923,597726374.48524,100168430.88901,64042111.55199,1180673800.1507902,1530442255.5501204
311,Assam,Jorhat,1348020597.16,820944543.6704401,475851270.79748,109189668.36996001,53920823.88640001,793984131.72724,1269835402.5247202
312,Assam,Golaghat,1069832888.89,684693048.8896,414025328.00043,84516798.22231,44932981.333380006,696461210.66739,1045226732.44553
313,Assam,Karbi Anglong,639462713.76,416290226.6577599,332520611.1552,27496896.69168,23020657.69536,310139416.1736,604292264.5032
314,Assam,Dima Hasao,34714485.61,21661839.02064,15690947.495720001,1562151.8524500001,1145578.02513,19821971.28331,33534193.099259995
315,Assam,Cachar,1893642256.0,1077482443.664,704434919.2320001,231024355.23199996,115512177.61599998,1469466390.6559997,1814109281.248
316,Assam,Karimganj,868127296.0,500041322.496,313393953.856,129350967.104,75527074.752,726622546.752,845555986.3040001
317,Assam,Hailakandi,307711238.89,183088187.13954997,93851927.86145,51695488.13352,23386054.155639995,252015504.65091,301864725.35108995
318,Assam,Bongaigaon,485730744.49,312324868.70707,140861915.9021,60716343.06125,20886422.01307,238979526.28908002,444929361.95284
319,Assam,Chirang,197770781.61,113718199.42575,78119458.73595001,21557015.195490003,29270075.678280007,47464987.5864,167907393.58689004
320,Assam,Kamrup,1887424580.25,1115467926.92775,851228485.6927501,232153223.37075,160431089.32125,1075832010.7425,1485403144.6567502
321,Assam,Kamrup Metropolitan,1833483888.64,960745557.6473601,500541101.59872,185181872.75264,71505871.65696,1186264075.9500802,1778479371.9808002
322,Assam,Nalbari,570942351.36,348274834.3296,247218038.13888,54239523.379200004,48530099.865600005,363690277.81632006,514419058.57535994
323,Assam,Baksa,871554388.41,560409471.7476299,463666934.63412005,97614091.50192,65366579.13075,337291548.31467,820132679.4938099
324,Assam,Darrang,833511544.36,480102649.55136,286727971.25984,148365054.89608002,71681992.81496,396751495.11536,765163597.72248
325,Assam,Udalguri,793126406.25,475082717.34375,279973621.40624994,84864525.46874999,57105101.25,329147458.59375,712227512.8125
326,West Bengal,Darjiling,2693184436.81,1459705964.75102,853739466.46877,215454754.9448,142738775.15093,1408535460.4516299,2343070460.0247
327,West Bengal,Jalpaiguri,12494857824.16,7222027822.36448,4648087110.587521,1999177251.8655999,1311960071.5368,4635592252.76336,10283267989.28368
328,West Bengal,Koch Bihar,8113289446.44,4681368010.5958805,2750405122.3431597,1022274470.2514399,640949866.26876,4519102221.66708,7326300370.13532
329,West Bengal,Uttar Dinajpur,6056730625.0,3506847031.875,2422692250.0,751034597.5,884282671.25,1247686508.7500002,4881724883.749999
330,West Bengal,Dakshin Dinajpur,2125449726.76,1224259042.61376,729029256.27868,252928517.48444,197666824.58868,584498674.859,1946911949.7121596
331,West Bengal,Maldah,9196733280.16,5426072635.2944,4460415640.8776,1039230860.65808,763328862.25328,2335970253.16064,6833172827.158879
332,West Bengal,Murshidabad,34297743612.25,19241034166.47225,16634405651.94125,5830616414.0825,3978538259.021,11901317033.450752,21196005552.3705
333,West Bengal,Birbhum,9324007408.81,4848483852.5812,3477854763.4861298,1454545155.7743597,867132689.01933,1743589385.4474697,5743588563.82696
334,West Bengal,Barddhaman,49605801996.96,25695805434.425278,18949416362.838722,4662945387.71424,3125165525.80848,22868274720.59856,35468148427.8264
335,West Bengal,Nadia,24017901524.41,12945648921.65699,9895375428.056921,3746792637.8079596,2545897561.58746,17124763786.90433,22408702122.274532
336,West Bengal,North Twenty Four Parganas,81746815396.0,37848775528.348,27303436342.264,16104122633.012,4414328031.384,64498237347.444,76842006472.24
337,West Bengal,Hugli,26897246414.44,12238247118.5702,9064372041.66628,3146977830.4894795,1425554059.9653199,16165245095.07844,23884754816.02272
338,West Bengal,Bankura,9828739600.0,5150259550.4,3813550964.8,1149962533.2,874757824.4,1621742034.0,5936558718.4
339,West Bengal,Puruliya,5664850331.04,3551861157.56208,2464209894.0024,419198924.49696,379544972.17968005,345555870.19343996,2883408818.4993596
340,West Bengal,Haora,18297891738.09,7392348262.188359,6440857891.807681,2543406951.59451,1189362962.97585,11015330826.330181,15278739601.30515
341,West Bengal,Kolkata,17111413072.36,,5287426639.359241,,462008152.95372003,,16238731005.669641
342,West Bengal,South Twenty Four Parganas,47534115738.24,23719523753.38176,18300634559.2224,7700526749.594879,3850263374.7974396,26143763656.031998,39500850178.47744
343,West Bengal,Paschim Medinipur,24504239366.89,12791212949.516579,8037390512.339919,3234559596.42948,2033851867.4518702,10267276294.72691,18917272791.23908
344,West Bengal,Purba Medinipur,18597131463.69,9112594417.2081,6471801749.364119,3366080794.92789,1878310277.8326898,15919144532.918638,15398424851.935318
345,Jharkhand,Garhwa,852943707.04,532236873.19295996,379559949.6328,39235410.523839995,58000172.078719996,41794241.64496,394912936.35951996
346,Jharkhand,Chatra,464411120.04,267036394.02300003,215486759.69856,20898500.4018,19040855.92164,30651133.92264,305118105.86628
347,Jharkhand,Kodarma,229477052.25,120016498.32675,102576242.35575001,9638036.194500001,12391760.821500001,17440255.971,115426957.28175
348,Jharkhand,Giridih,2494503025.0,1337053621.4,922966119.25,77329593.775,84813102.85,144681175.45,1529130354.325
349,Jharkhand,Deoghar,1034973241.0,627193784.046,387079992.134,52783635.29099999,43468876.122,56923528.255,706886723.603
350,Jharkhand,Godda,852815209.0,534715136.04300004,313835996.91199994,78458999.22799999,35818238.778000005,67372401.511,553477070.641
351,Jharkhand,Sahibganj,681173460.49,443443922.77899,316745659.12785,49725662.61577,53131529.91822,62667958.36507999,369877189.04607004
352,Jharkhand,Pakur,471649806.25,282518233.94375,220260459.51875,33487136.24375,26884038.95625,34430435.85625,219317159.90625
353,Jharkhand,Dhanbad,4411868799.61,2302995513.39642,1963281615.8264499,207357833.58167,172062883.18479002,538247993.5524199,2616238198.16873
354,Jharkhand,Bokaro,2588408076.96,1301969262.71088,949945764.24432,106124731.15536,82829058.46272,170834933.07935998,1622931864.25392
355,Jharkhand,Lohardaga,124286822.56,77679264.1,44991829.76672001,3480031.03168,5468620.192640001,9072938.04688,87622209.9048
356,Jharkhand,Purbi Singhbhum,3656173435.69,1864648452.2019,943292746.40802,212058059.27001998,84091989.02087,497239587.25384,2950531962.6018305
357,Jharkhand,Palamu,1663856732.16,1044902027.79648,667206549.59616,104822974.12607999,89848263.53664002,123125398.17984001,970028474.8492799
358,Jharkhand,Latehar,257647441.96,149435516.3368,104604861.43576,5668243.72312,12882372.098,18550615.82112,143767272.61368
359,Jharkhand,Hazaribagh,1457315355.04,706797947.1944001,482371382.51824,48091406.71632,43719460.6512,135530328.01872,1071126785.9544001
360,Jharkhand,Ramgarh,638193906.25,319735147.03125,254001174.6875,24251368.4375,22974980.625,70201329.6875,382916343.75
361,Jharkhand,Dumka,1069146124.84,683184373.77276,358163951.8214,64148767.4904,53457306.242,66287059.74008001,686391812.1472801
362,Jharkhand,Jamtara,344726062.24,215798514.96224004,115483230.85040002,16891577.04976,11375960.053919999,15167946.738560002,207180363.40624002
363,Jharkhand,Ranchi,5343346843.24,2938840763.782,1699184296.1503198,160300405.2972,219077220.57283998,705321783.3076799,4226587353.0028396
364,Jharkhand,Khunti,184196469.61,106281362.96497002,70363051.39102001,6262679.96674,5525894.088300001,7367858.7844,99281897.11979
365,Jharkhand,Gumla,543234894.76,343867688.38308,208602199.58784,15753811.94804,27161744.738,34767033.26464,372115902.91059995
366,Jharkhand,Simdega,241128100.89,143712348.13044,96451240.35599999,6992714.92581,9645124.0356,11815276.943610001,128762405.87526
367,Jharkhand,Pashchimi Singhbhum,1602593049.76,815719862.32784,600972393.66,64103721.9904,72116687.2392,59295942.841120005,943927306.30864
368,Jharkhand,Saraikela-Kharsawan,816170619.69,436651281.53415,298718446.80654,29382142.308840003,27749801.06946,52234919.660160005,526430049.70005006
369,Odisha,Bargarh,2106451995.21,1409216384.79549,983713081.7630701,179048419.59285,99003243.77487001,259093595.41083,1141696981.40382
370,Odisha,Jharsuguda,313948785.96,224473381.9614,142846697.6118,18522978.37164,17581132.013759997,29511185.880239997,168276549.27456
371,Odisha,Sambalpur,995370950.25,693773552.32425,410092831.503,77638934.1195,51759289.413,85601901.7215,592245715.39875
372,Odisha,Debagarh,97531425.64,73148569.23,60762078.173719995,13069211.03576,5364228.4102,5754354.11276,50033621.353319995
373,Odisha,Sundargarh,3820006358.44,2899384826.05596,1791582982.10836,221560368.78952,168080279.77136,320880534.10896003,2502104164.7782
374,Odisha,Kendujhar,3298181928.04,2308727349.628,1609512780.88352,283643645.81144,253960008.45908,306730919.30772,1675476419.4443197
375,Odisha,Mayurbhanj,5678963809.21,4117248761.67725,2487386148.43398,488390887.59206,459996068.54600996,851844571.3814999,3634536837.8944
376,Odisha,Baleshwar,4673007568.36,2901937699.95156,1972009193.84792,542068877.92976,336456544.92192,1060772718.0177199,3177645146.4848
377,Odisha,Bhadrak,1832747472.36,1178456624.72748,965857917.93372,163114525.04004,135623312.95464,293239595.5776,949363190.6824799
378,Odisha,Kendrapara,1920569270.49,1094724484.1793,856573894.63854,144042695.28675,169010095.80312002,303449944.73742,1110089038.34322
379,Odisha,Jagatsinghapur,1244198638.24,712925819.71152,711681621.07328,88338103.31503999,46035349.614879996,274967899.05104,557400989.93152
380,Odisha,Cuttack,6245693482.09,3435131415.1495,2285923814.44494,630815041.69109,399724382.85376,1399035339.9881601,4871640916.0302
381,Odisha,Jajapur,2928314173.21,1692565592.11538,1256246780.30709,427533869.28866,204981992.1247,582734520.4687899,1792128274.00452
382,Odisha,Dhenkanal,1241639121.61,813273624.6545498,519005152.8329799,142788498.98514998,94364573.24235998,176312755.26861998,742500194.7227799
383,Odisha,Anugul,1718823805.69,1106922530.86436,666903636.6077199,206258856.6828,113442371.17553999,287043575.55022997,1100047235.6416001
384,Odisha,Nayagarh,831364955.56,534567666.42507994,403212003.44659996,101426524.57831998,63183736.622559994,132187027.93404,463901645.20247996
385,Odisha,Khordha,4743476354.41,2959929245.1518397,1736112345.71406,403195490.12485003,241917294.07490999,868056172.85703,3633502887.47806
386,Odisha,Puri,2248884021.76,1441534657.9481602,1043482186.09664,251875010.43712002,130435273.26208,350825907.39456004,1648431987.95008
387,Odisha,Ganjam,10310249752.36,6351113847.453761,4113789651.19164,979473726.4742001,536132987.12272,1969257702.7007601,6732593088.29108
388,Odisha,Gajapati,306757710.25,205527665.8675,124850388.07175002,18098704.90475,15337885.5125,38958229.201749995,173931621.71175
389,Odisha,Kandhamal,590174142.25,406039809.868,274430976.14625,38951493.3885,37771145.104,37180970.96175,333448390.37125
390,Odisha,Baudh,190313061.16,142925108.93116,106765627.31076,8944713.87452,10276905.30264,17128175.5044,97630600.37507999
391,Odisha,Subarnapur,374430240.04,277078377.62960005,229900167.38456002,26958977.28288,21716953.922319997,29579988.963160004,146027793.61560002
392,Odisha,Balangir,2904800374.44,1992693056.86584,1362351375.61236,203336026.21080002,197526425.46192002,293384837.81843996,1687689017.5496402
393,Odisha,Nuapada,437341021.29,318821604.52041006,230478718.21983,20992369.02192,28427166.38385,55542309.703830004,211673054.30436
394,Odisha,Kalahandi,2447755835.04,1720772352.03312,1170027289.1491199,230089048.49376,168895152.61776,200715978.47327998,1439280431.00352
395,Odisha,Rayagada,821097563.04,572305001.43888,293952927.56832,46802561.09328,35307195.210719995,54192439.160639994,496764025.6392
396,Odisha,Nabarangapur,1385804856.96,960362765.87328,712303696.47744,60975413.706240006,67904437.99104,80376681.70368,740019793.61664
397,Odisha,Koraput,2117177763.84,1390985790.84288,823582150.13376,112210421.48351999,118561954.77504,173608576.63487998,1374048368.73216
398,Odisha,Malkangiri,337541407.29,227165367.10617,154256423.13153002,24978064.13946,28353478.212360006,20252484.437400002,161007251.27733
399,Chhattisgarh,Koriya,329840082.25,166569241.53625,123690030.84375,7256481.8095,4287921.06925,28036406.99125,195595168.77425
400,Chhattisgarh,Surguja,,,,,,,
401,Chhattisgarh,Jashpur,,,,,,,
402,Chhattisgarh,Raigarh,1771702790.56,1016957401.78144,669703654.8316799,85041733.94688,53151083.716800004,230321362.7728,1015185698.99088
403,Chhattisgarh,Korba,1106580184.09,601979620.1449599,328654314.67472994,35410565.890879996,17705282.945439998,131683041.90671,648455987.87674
404,Chhattisgarh,Janjgir - Champa,1942808375.29,1146256941.4211,850950068.37702,108797269.01623999,73826718.26101999,213708921.2819,862606918.6287599
405,Chhattisgarh,Bilaspur,5443576936.36,3217153969.3887596,1965131274.02596,283066000.69071996,168750885.02716,903633771.43576,3576430047.18852
406,Chhattisgarh,Kabeerdham,445965700.41,271593111.54969,163669412.05047002,27649873.42542,22744250.72091,40136913.0369,220753021.70295003
407,Chhattisgarh,Rajnandgaon,1522029774.24,726008202.31248,499225765.95072,51749012.32416,38050744.356,281575508.2344,809719839.8956801
408,Chhattisgarh,Durg,7800228097.21,4087319522.9380403,2308867516.7741604,390011404.86050004,171605018.13862002,1092031933.6094,4882942788.85346
409,Chhattisgarh,Raipur,11416922500.0,6507645825.0,3436493672.5,673598427.5000001,331090752.5,1472783002.5,7420999625.0
410,Chhattisgarh,Mahasamund,964518614.89,578711168.934,397381669.33468,44367856.28494,39545263.210489996,146606829.46328,483223826.05989
411,Chhattisgarh,Dhamtari,443022513.61,244105404.99911004,173664825.33512002,18606945.571620002,15505787.97635,107211448.29361999,237460067.29496002
412,Chhattisgarh,Uttar Bastar Kanker,376627767.61,175131911.93865,142365296.15658,11298833.028299998,12052088.56352,55740909.60628,229366310.47449002
413,Chhattisgarh,Bastar,1378777997.61,719722114.7524201,488087411.15393996,46878451.91874,39984561.93069,191650141.66779,841054578.5421
414,Chhattisgarh,Narayanpur,10952790.25,6308807.183999999,6056893.008249999,481922.771,240961.3855,449064.40025,4841133.2905
415,Chhattisgarh,Dakshin Bastar Dantewada,190023468.01,95201757.47301,67078284.20752999,6080750.976319999,5510680.57229,13681689.696719998,94631687.06898
416,Chhattisgarh,Bijapur,34095088.81,19263725.17765,20866194.35172,1431993.7300200001,1056947.75311,920567.3978700001,9580719.955610001
417,Madhya Pradesh,Sheopur,311600164.84,188206499.56335998,126509666.92503999,16514808.736519998,9971205.27488,18072809.560719997,178235294.28847998
418,Madhya Pradesh,Morena,1718815513.96,919566299.9686,613617138.4837201,89378406.72592,36095125.79316001,115160639.43532002,1268485849.30248
419,Madhya Pradesh,Bhind,1293092832.16,667235901.3945601,526288782.6891201,59482270.27936,32327320.804,120257633.39088002,870251476.04368
420,Madhya Pradesh,Gwalior,1979288916.64,952037968.9038401,532428718.57615995,89068001.24880001,39585778.3328,342416982.57872003,1721981357.4768002
421,Madhya Pradesh,Datia,415564533.16,194068636.98572004,144616457.53968,11220242.39532,12466935.9948,46958792.24708,262221220.42396003
422,Madhya Pradesh,Shivpuri,1888928059.24,1025687936.1673199,595012338.6606,79334978.48808001,52889985.658719994,105779971.31743999,1241025734.92068
423,Madhya Pradesh,Tikamgarh,1466828720.64,655672438.12608,482586649.09056,42538032.89856,39604375.45728001,57206320.10496,663006581.7292801
424,Madhya Pradesh,Chhatarpur,2217628208.89,1002367950.41828,645329808.7869899,57658333.431140006,35482051.34224,115316666.86228001,1284006732.94731
425,Madhya Pradesh,Panna,834764999.29,396513374.66275,300515399.74439996,25042949.978699997,19199594.98367,41738249.964499995,449103569.61801994
426,Madhya Pradesh,Sagar,3768916272.25,1944760796.481,1209822123.39225,177139064.79575002,94222906.80625,422118622.492,2438488828.14575
427,Madhya Pradesh,Damoh,1368267498.01,740232716.42341,466579216.82141,68413374.9005,39679757.44228999,80727782.38259001,768966333.88162
428,Madhya Pradesh,Satna,3317806080.16,1300579983.42272,776366622.7574399,72991733.76352,76309539.84368,756459786.27648,2007272678.4968
429,Madhya Pradesh,Rewa,3824173232.01,1326988111.5074701,833669764.5781801,80307637.87221001,91780157.56823999,680702835.29778,2275383073.04595
430,Madhya Pradesh,Umaria,282461803.56,133321971.28032002,79936690.40748,11863395.749520002,5931697.874760001,16382784.60648,155918915.56512
431,Madhya Pradesh,Neemuch,586593868.09,271592960.92567,161899907.59284002,16424628.30652,8212314.15326,77430390.58788,373073700.10524005
432,Madhya Pradesh,Mandsaur,1475474061.61,733310608.62017,435264848.17494994,33935903.41703,25083059.04737,196238050.19412997,1006273310.01802
433,Madhya Pradesh,Ratlam,1397765336.89,806510599.3855301,384385467.64475006,48921786.79115,19568714.71646,187300555.14326,1157349698.94492
434,Madhya Pradesh,Ujjain,2395603236.01,1315186176.56949,721076574.0390102,91032922.96838002,45516461.48419001,428812979.24579,2002724305.3043602
435,Madhya Pradesh,Shajapur,1494657456.64,847470777.91488,479785043.58144003,65764928.09216001,35871778.95936,200284099.18976003,996936523.5788802
436,Madhya Pradesh,Dewas,1413827680.81,692775563.5969,431217442.64705,87657316.21022,36759519.70106,306800606.73577,1092888797.26613
437,Madhya Pradesh,Dhar,2659588669.44,1502667598.2336001,816493721.51808,125000667.46368,79787660.0832,510641024.53248,2031925743.4521604
438,Madhya Pradesh,Indore,6214452691.24,2572783414.17336,1447967477.05892,285864823.79704,167790222.66347998,2578997866.8645997,5611650780.189719
439,Madhya Pradesh,Khargone (West Nimar),2117499865.69,1204857423.57761,624662460.37855,133402491.53847,67759995.70208,275274982.53970003,1562714900.87922
440,Madhya Pradesh,Barwani,895625329.0,539166448.0580001,334963873.046,46572517.108,36720638.48899999,92249408.88700001,592008342.469
441,Madhya Pradesh,Rajgarh,1613765480.89,974714350.45756,576114276.6777301,104894756.25784999,51640495.38848001,125873707.50942001,984396943.3429
442,Madhya Pradesh,Vidisha,1416837352.81,640410483.47012,433552229.95986,42505120.5843,29753584.40901,162936295.57314998,1013038707.2591499
443,Madhya Pradesh,Bhopal,4910071169.61,2288093165.03826,1477931422.05261,211133060.29322997,127661850.40986,1055665301.4661499,4119549711.3027897
444,Madhya Pradesh,Sehore,1086671446.09,473788750.49524,340128162.62617,71720315.44194,27166786.15225,235807703.80152997,859557113.8571899
445,Madhya Pradesh,Raisen,1060889583.69,492252766.83216006,386163808.46316004,76384050.02568,42435583.347600006,196264572.98264998,763840500.2568
446,Madhya Pradesh,Betul,1653634092.01,754057145.95656,501051129.87903,79374436.41648,49609022.760299996,213318797.86929,1184002009.87916
447,Madhya Pradesh,Harda,208973044.81,88186624.90982,55377856.87465,16090924.450369999,9194813.97164,80036676.16223,165715624.53432998
448,Madhya Pradesh,Hoshangabad,994746368.16,436693655.62224,285492207.66191995,101464129.55231999,33821376.51744,336224272.43807995,801765572.7369599
449,Madhya Pradesh,Katni,1218226389.61,566475271.16865,348412747.42846,53601961.142840005,29237433.350639995,104767469.50645998,801592964.3633798
450,Madhya Pradesh,Jabalpur,3903263071.21,1803307538.8990202,1147559342.93574,222485995.05897,113194629.06508999,1046074503.0842801,3130416983.1104198
451,Madhya Pradesh,Narsimhapur,804959035.24,393624968.23236,271271194.87588,78885985.45352,47492583.079160005,221363734.69099998,577960587.30232
452,Madhya Pradesh,Dindori,518905620.25,265679677.56800002,195627418.83425003,14010451.746750003,28539809.11375,19199507.94925,286954807.99824995
453,Madhya Pradesh,Mandla,1004458926.24,433926256.13568,287275252.90464,43191733.82832,40178357.0496,67298748.05808,653902760.98224
454,Madhya Pradesh,Chhindwara,3068539551.36,1543475394.33408,1027960749.7056,156495517.11936,113535963.40032001,377430364.81728005,2034441722.55168
455,Madhya Pradesh,Seoni,1463728125.69,660141384.68619,405452690.81613,71722678.15881,51230484.39915,222486675.10487998,1081695084.88491
456,Madhya Pradesh,Balaghat,2217157316.89,849171252.3688699,651844251.1656599,119726495.11206,75383348.77426,259407406.07612994,1399026266.95759
457,Madhya Pradesh,Guna,812734572.25,399865409.54700005,273078816.276,23569302.59525,26820240.884249996,60142358.34650001,484389805.061
458,Madhya Pradesh,Ashoknagar,427418410.81,188064100.7564,161564159.28618,11540297.09187,7266112.98377,29919288.7567,240636565.28603
459,Madhya Pradesh,Shahdol,849372736.0,375422749.31200004,248016838.912,24631809.344,22933063.872,64552327.936,541050432.832
460,Madhya Pradesh,Anuppur,431446903.69,158772460.55791998,107861725.9225,8197491.170109999,9491831.88118,18983663.76236,245493288.19961
461,Madhya Pradesh,Sidhi,766564431.61,292827612.87502,205439267.67148003,14564724.20059,11498466.47415,31429141.696009997,375616571.4889
462,Madhya Pradesh,Singrauli,825556556.25,366547110.975,223725826.74375,15685574.56875,21464470.4625,18162244.2375,430114965.80625
463,Madhya Pradesh,Jhabua,555983388.49,348045601.19474,141775764.06495002,28355152.81299,10007700.99282,32247036.532420002,426995242.36032
464,Madhya Pradesh,Alirajpur,226586787.84,140710395.24864,67522862.77632,9063471.5136,5891256.483840001,11329339.392,170619851.24352
465,Madhya Pradesh,Khandwa (East Nimar),1082989117.44,567486297.53856,336809615.52384,86639129.3952,47651521.16736001,188440106.43456,750511458.3859199
466,Madhya Pradesh,Burhanpur,319837456.0,154801328.704,133372219.15200001,20469597.184,12473660.783999998,59169929.36,219408494.81599998
467,Gujarat,Kachchh,5465275256.25,1388179915.0875,1169568904.8374999,60118027.81875001,54652752.5625,2688915426.0750003,4803976950.243751
468,Gujarat,Banas Kantha,6467328148.09,2509323321.45892,1539224099.2454202,258693125.92360002,97009922.22135,1105913113.32339,5044515955.5102005
469,Gujarat,Patan,1633275230.44,609211660.9541199,416485183.7622,62064458.75672,24499128.4566,586345807.72796,1345818789.88256
470,Gujarat,Mahesana,4352608260.49,1427655509.4407198,948868600.7868199,113167814.77274,56583907.38637,1932558067.6575599,3699717021.4164996
471,Gujarat,Sabar Kantha,4429341740.89,1820459455.50579,1200351611.7811902,93016176.55869001,70869467.85424,1377525281.4167902,3397305115.2626305
472,Gujarat,Gandhinagar,1877124945.64,687027730.1042401,458018486.73616,43173873.74972,24402624.293320004,803409476.73392,1516716956.07712
473,Gujarat,Ahmadabad,48336308967.04,19576205131.6512,11552377843.122559,966726179.3408,290017853.80224,15902645650.15616,44517740558.64384
474,Gujarat,Surendranagar,2505983576.04,912178021.6785599,596424091.09752,57637622.24891999,35083770.064559996,521244583.81632006,1754188503.228
475,Gujarat,Rajkot,13947751720.36,3961161488.58224,3054557626.7588396,209216275.8054,153425268.92396003,6137010756.958401,12064805238.1114
476,Gujarat,Jamnagar,4177360056.25,1257385376.93125,960792812.9375,66837760.9,41773600.5625,1453721299.575,3500627727.1375
477,Gujarat,Porbandar,336986791.84,102443984.71936,82898750.79264,7750696.212319999,4380828.293919999,131761835.60944,260827776.88416
478,Gujarat,Junagadh,6033296880.49,1972888079.9202302,1441957954.43711,102566046.96833,84466156.32686,2775316565.0253997,5170535426.579929
479,Gujarat,Amreli,1854275557.69,535885636.17240995,458006062.74943,31522684.48073,18542755.5769,966077565.5564901,1453752037.2289603
480,Gujarat,Bhavnagar,5536505819.29,1838119932.00428,1422881995.55753,83047587.28934999,60901564.01219001,1777218367.9920902,4517788748.54064
481,Gujarat,Anand,3868678281.69,1597764130.33797,1009725031.52109,81242243.91549,50292817.661970004,1597764130.33797,3211002973.8027
482,Gujarat,Kheda,3869163446.76,1632786974.5327203,967290861.69,96729086.16900001,58037451.701400004,982767515.4770399,3037293305.7066
483,Gujarat,Panch Mahals,3221708952.01,1623741311.8130403,786096984.2904401,83764432.75226001,35438798.47211,547690521.8417001,2709457228.64041
484,Gujarat,Dohad,1417552620.16,843443808.9952,334542418.3577601,29768605.023360003,15593078.82176,86470709.82976,1017802781.27488
485,Gujarat,Vadodara,15386541806.25,7077809230.875,3061921819.44375,307730836.125,123092334.45,4385164414.78125,14140231919.94375
486,Gujarat,Narmada,257182161.61,112902968.94679001,86670388.46257001,3343368.1009300007,4886461.070590001,41149145.8576,192115074.72267002
487,Gujarat,Bharuch,2323201440.16,887462950.14112,469286690.91231996,34848021.6024,13939208.64096,1064026259.5932798,2076942087.5030398
488,Gujarat,The Dangs,35543059.24,12902130.50412,9525539.87632,390973.65164000005,248801.41468,8992393.987720001,20543888.24072
489,Gujarat,Navsari,1674086323.36,577559781.5591999,334817264.672,23437208.527039994,15066776.91024,744968413.8951999,1434691979.11952
490,Gujarat,Valsad,2483935888.81,986122547.85757,611048228.6472601,32291166.554530002,22355422.99929,685566305.31156,1887791275.4956
491,Gujarat,Surat,36093844262.44,11152997877.09396,7146581163.963121,433126131.14928,180469221.3122,18010828286.95756,33856025918.16872
492,Gujarat,Tapi,477374431.21,173286918.52922997,142257580.50058,4773744.3121,3818995.44968,109796119.1783,369965184.18775004
493,Daman and Diu,Diu,3553225.0,451259.575,380195.075,10659.675,7106.45,1538546.425,2654259.075
494,Daman and Diu,Daman,50522242.41,13337871.996239997,18743751.93411,454700.18169,303133.4544599999,28949244.900929995,43853306.411879994
495,Dadra and Nagar Haveli,Dadra and Nagar Haveli,118337410.89,53843521.95495,24614181.465120003,946699.2871200001,236674.82178000003,31359413.88585,96208315.05357
496,Maharashtra,Nandurbar,1640347201.44,802129781.50416,478981382.82048005,63973540.85616,54131457.64752,365797425.92112,1041620472.9144
497,Maharashtra,Dhule,2796188641.0,1045774551.734,634734821.507,95070413.794,44739018.256000005,522887275.867,1825911182.573
498,Maharashtra,Jalgaon,13684039649.44,5323091423.63216,3708374744.9982405,752622180.7192,232628674.04048002,3092592960.7734404,8880941732.48656
499,Maharashtra,Buldana,5302635888.64,2486936231.77216,1824106745.6921601,355276604.53888,185592256.1024,1543067043.5942402,3229305256.1817603
500,Maharashtra,Akola,2542529352.25,1207701442.31875,859374921.0604999,180519584.00974998,94073586.03325,785641569.8452499,1838248721.67675
501,Maharashtra,Washim,1094590757.16,506795520.56508005,390768900.3061201,73337580.72972001,28459359.686160002,301012458.21900004,736659579.5686799
502,Maharashtra,Amravati,6112346942.25,2726106736.2435,1913164592.9242501,403414898.1885,177258061.32524997,2512174593.26475,4804304696.6085
503,Maharashtra,Wardha,1510907996.16,660266794.32192,362617919.0784,143536259.6352,55903595.857920006,713148574.1875201,1184551868.9894402
504,Maharashtra,Nagpur,17118215899.56,6676104200.8284,4057017168.1957197,1420811919.6634803,479310045.18768,7891497529.69716,15406394309.603998
505,Maharashtra,Bhandara,1270337907.24,553867327.55664,317584476.81,102897370.48643999,43191488.84616,708848552.23992,1070894855.80332
506,Maharashtra,Gondiya,1493938452.25,602057196.25675,403363382.1075,77684799.517,49299968.92425,709620764.81875,1154814423.58925
507,Maharashtra,Gadchiroli,1094551056.0,466278749.856,295528785.12,95225941.872,43782042.24,242990334.432,721309145.904
508,Maharashtra,Chandrapur,4687524690.25,1935947697.0732498,1181256221.943,525002765.30799997,159375839.46850002,1364069684.86275,3360955202.90925
509,Maharashtra,Yavatmal,6370146894.24,2987598893.3985596,1866453040.01232,515981898.43343997,248435728.87535998,1388692022.94432,4344440181.87168
510,Maharashtra,Nanded,6751613091.24,3456825902.7148805,2363064581.934,526625821.11671996,270064523.64959997,1296309713.5180798,4942180782.78768
511,Maharashtra,Hingoli,808657281.61,377642950.51187,312950367.98307,48519436.8966,25068375.72991,217528808.75309,531287834.01777
512,Maharashtra,Parbhani,1825331631.21,863381861.56233,653468723.9731799,151502525.39043,80314591.77324,242769106.95093003,1221146861.2794902
513,Maharashtra,Jalna,2528380089.0,1036635836.49,922858732.485,174458226.14100003,78379782.759,738286985.988,1774922822.4780002
514,Maharashtra,Aurangabad,9586994734.24,3806036909.49328,2166660809.93824,766959578.7392,134217926.27936,1898224957.37952,8379033397.72576
515,Maharashtra,Nashik,27853340206.24,9609402371.1528,6768361670.116321,1559787051.54944,696333505.156,8161028680.42832,19246658082.511837
516,Maharashtra,Thane,130910166588.01,48174941304.38767,28407506149.598167,7592789662.104579,1440011832.46811,51971336135.43997,97528074108.06744
517,Maharashtra,Mumbai Suburban,94791880112.41,,25688599510.46311,,1327086321.57374,,51851158421.48827
518,Maharashtra,Mumbai,12261597970.41,,3212538668.24742,,183923969.55615,,8215270640.1747
519,Maharashtra,Raigarh,9197347047.84,2602849214.53872,1627930427.46768,331104493.72224003,101170817.52624,4681449647.350559,7449851108.750401
520,Maharashtra,Pune,103842291168.49,24818307589.26911,21703038854.21441,5088272267.256011,1349949785.19037,64174535942.126816,83593044390.63446
521,Maharashtra,Ahmadnagar,17513981472.16,5359278330.48096,4045729720.06896,1296034628.93984,437849536.804,6847966755.61456,12890290363.509758
522,Maharashtra,Bid,4880014420.41,2000805912.3681,1503044441.48628,390401153.6328,141520418.19189,751522220.74314,3372089964.5033092
523,Maharashtra,Latur,3429648394.24,1375289006.0902398,1049472408.6374401,195489958.47168,89170858.25024,850552801.7715199,2671696099.11296
524,Maharashtra,Osmanabad,1980161001.0,756421502.3820001,625730876.3160001,122769982.062,55444508.02799999,439595742.22199994,1144533058.5779998
525,Maharashtra,Solapur,13368701253.61,3957135571.06856,4117559986.1118803,1042758697.7815801,254005323.81859002,4291353102.4088106,8141539063.44849
526,Maharashtra,Satara,9515436718.41,2645291407.71798,1969695400.7108698,504318146.07572997,256916791.39707002,6670321139.605409,7174639285.68114
527,Maharashtra,Ratnagiri,4087837670.44,1173209411.41628,678581053.29304,167601344.48804,77668915.73835999,2747026914.5356803,3352026889.7608004
528,Maharashtra,Sindhudurg,1161691788.96,320626933.75296,276482645.77248,53437822.29216,34850753.668800004,864298690.98624,1008348472.8172799
529,Maharashtra,Kolhapur,13907815105.96,3379599070.74828,3087534953.5231194,278156302.1192,166893781.27152,10347414438.83424,10389137884.152119
530,Maharashtra,Sangli,7287575909.29,1996795799.14546,1843756705.0503702,371666371.37378997,174901821.82296,4408983425.12045,5655158905.609039
531,Telangana,Adilabad,6686561857.96,2387102583.2917204,1571342036.6206,434626520.76739997,187223732.02288,922745536.39848,4727399233.577721
532,Telangana,Nizamabad,5188292088.04,1649876883.99672,1317826190.36216,223096559.78572,114142425.93688002,1525357873.8837597,4435989735.2741995
533,Telangana,Karimnagar,13578774784.0,4399523030.016,2851542704.64,692517513.984,244417946.11200002,4643940976.128,11460485917.696001
534,Telangana,Medak,6227293134.24,2154643424.44704,1208094868.0425599,274000897.90656,74727517.61087999,1980279216.68832,5268289991.5670395
535,Telangana,Hyderabad,11369722315.21,,2171616962.20511,,102327500.83689,,11199176480.481848
536,Telangana,Rangareddy,24377263876.84,6216202288.5942,3949116748.04808,536299805.29048,170640847.13787997,10604109786.4254,23402173321.766403
537,Telangana,Mahbubnagar,10201303002.25,3142001324.693,1938247570.4275,632480786.1395,173422151.03825,1826033237.40275,7967217644.75725
538,Telangana,Nalgonda,10628310979.69,3634882355.053981,2582679568.06467,627070347.80171,180681286.65473,3390431202.52111,8630188515.508282
539,Telangana,Warangal,10961817781.69,4253185299.2957196,2597950814.26053,931754511.44365,317892715.66901,3255659881.16193,9032537852.11256
540,Telangana,Khammam,7579878906.25,2569578949.21875,1713052632.8125,394153703.125,166757335.93750003,2834874710.9375,6473216585.9375
541,Andhra Pradesh,Srikakulam,8143907340.96,2614194256.44816,1742796170.9654398,285036756.9336,138446424.79632,1042420139.6428801,5366834937.69264
542,Andhra Pradesh,Vizianagaram,5617712361.96,1735873119.84564,1123542472.392,185384507.94467998,106736534.87723999,601095222.72972,3730161008.34144
543,Andhra Pradesh,Visakhapatnam,19025788356.0,5650659141.731999,3234384020.52,608825227.3920001,209283671.916,4071518708.1839995,15886533277.26
544,Andhra Pradesh,East Godavari,25787253172.81,7839324964.53424,5389535913.1172905,1005702873.73959,438383303.93777,12120008991.220701,22512272019.86313
545,Andhra Pradesh,West Godavari,15766016743.84,4729805023.152,3326629532.9502406,756768803.70432,346852368.3644801,9286183862.12176,13984456851.786081
546,Andhra Pradesh,Krishna,21795620795.56,6713051205.03248,4380919779.90756,959007315.0046402,370525553.52452004,12249138887.104721,20269927339.8708
547,Andhra Pradesh,Guntur,25058573401.0,7768157754.31,5487827574.818999,1052460082.842,476112894.619,11652236631.465,21625548845.063
548,Andhra Pradesh,Prakasam,11828193806.25,3524801754.2625,2507577086.925,496784139.8625,236563876.125,3311894265.75,9155022006.0375
549,Andhra Pradesh,Sri Potti Sriramulu Nellore,9091870411.69,2536631844.86151,1509250488.3405402,390950427.70267,172745537.82211,2318426954.98095,7164393884.41172
550,Andhra Pradesh,Y.S.R.,7816204326.49,1711748747.5013099,1453814004.7271402,203221312.48874,85978247.59139,2219802028.72316,6182617622.253589
551,Andhra Pradesh,Kurnool,11899209972.25,3212786692.5075,2498834094.1725,392673929.08425,166588939.6115,3284181952.3410006,8650725649.82575
552,Andhra Pradesh,Anantapur,15486010471.84,3360464272.38928,3236576188.61456,449094303.68336,201318136.13392,3406922303.8048,11800339979.54208
553,Andhra Pradesh,Chittoor,,,,,,,
554,Karnataka,Belgaum,17396950506.25,6697825944.90625,4436222379.09375,817656673.79375,330542059.61875,3218435843.65625,12595392166.525
555,Karnataka,Bagalkot,2407442916.49,1032793011.17421,792048719.5252099,125187031.65747999,89075387.91013001,173335889.98728,1023163239.50825
556,Karnataka,Bijapur,2782457001.0,1160284569.417,770740589.277,189207076.068,80691253.029,139122850.05,1655561915.595
557,Karnataka,Bidar,1516346964.09,859768728.63903,454904089.227,75817348.2045,45490408.922699995,133438532.83992,1032632282.5452899
558,Karnataka,Raichur,2077973991.04,897684764.1292801,642093963.23136,147536153.36383998,74807063.67744,207797399.104,1047298891.48416
559,Karnataka,Koppal,1140068472.01,449186977.97194,304398282.02667,59283560.544520006,42182533.464370005,136808216.64119998,551793140.45284
560,Karnataka,Gadag,852476487.84,356335171.91712,304334106.15888005,43476300.87984,28984200.58656,78427836.88127999,360597554.35631996
561,Karnataka,Dharwad,2333894748.16,942893478.2566398,676829476.9664,91021895.17824,46677894.963199995,539129686.82496,1913793693.4912
562,Karnataka,Uttara Kannada,2254274432.64,1084306002.09984,840844363.3747199,144273563.68896,72136781.84448,1140662862.91584,1816945192.7078397
563,Karnataka,Haveri,1710351820.96,767947967.61104,511395194.46704,85517591.04800001,49600202.807840005,482319213.51072,1192115219.20912
564,Karnataka,Bellary,3887273104.0,1551021968.496,1119534653.952,209912747.61600003,116618193.12,470360045.584,2468418421.04
565,Karnataka,Chitradurga,2001202331.04,900541048.968,634381138.93968,118070937.53136,40024046.620799996,382229645.22863996,1478888522.6385603
566,Karnataka,Davanagere,2816329374.81,1298327841.78741,864613118.06667,163347103.73898,78857222.49467999,839266153.69338,2278410464.22129
567,Karnataka,Shimoga,3070334592.36,1406213243.3008797,988647738.7399201,224134425.24228,98250706.95552,1897466778.07848,2692683437.49972
568,Karnataka,Udupi,1485246813.21,512410150.55745006,371311703.3025,62380366.15482,31190183.07741,1241666335.84356,1425836940.6816
569,Karnataka,Chikmagalur,1539981654.76,700691652.9158,469694404.7018,84698991.0118,44659467.98804,833130075.2251601,1376743599.3554401
570,Karnataka,Tumkur,7925308185.64,3241451047.92676,2211160983.79356,459667874.76712,198132704.64100003,1450331397.97212,6538379253.153001
571,Karnataka,Bangalore,106795625616.0,30757140177.408005,21252329497.584,2669890640.4,1174751881.776,79883127960.768,103378165596.288
572,Karnataka,Mandya,3161835392.04,1397531243.28168,977007136.14036,142282592.64180002,98016897.15324,869504732.8110001,2716016601.76236
573,Karnataka,Hassan,3956170983.61,1926655269.01807,1174982782.13217,245282600.98382,94948103.60664,1056297652.6238699,3556597714.2653904
574,Karnataka,Dakshina Kannada,4228796852.64,1725349115.8771198,1112173572.2443202,156465483.54768,67660749.64224,3725570027.17584,4127305728.1766396
575,Karnataka,Kodagu,453579246.76,181431698.70400003,151495468.41783997,20864645.350959998,14514535.89632,357420446.44688,439971869.3572
576,Karnataka,Mysore,8482078443.24,4071397652.7552004,2417392356.3234,449550157.49171996,186605725.75128,2290161179.6748,7990117893.53208
577,Karnataka,Chamarajanagar,1023232144.0,486035268.4,382688821.856,71626250.08,46045446.48,157577750.176,657938268.592
578,Karnataka,Gulbarga,3600084000.49,1562436456.2126598,1036824192.14112,133203108.01813,54001260.00735,162003780.02205,2455257288.33418
579,Karnataka,Yadgir,691663700.25,354131814.52800006,237932312.88599998,38041503.51375,20058247.30725,29741539.110749997,278048807.5005
580,Karnataka,Kolar,2281103568.81,932971359.6432899,720828727.7439599,116336282.00930999,36497657.10096,581681410.04655,1829445062.18562
581,Karnataka,Chikkaballapura,1678557288.04,642887441.31932,468317483.36315995,82249307.11396001,26856916.608640004,386068176.2492,1415023793.81772
582,Karnataka,Bangalore Rural,1065774374.44,389007646.67060006,310140342.96204,39433651.85428,18118164.365480002,804659652.7022,973052003.86372
583,Karnataka,Ramanagara,1237519826.56,538321124.5536,423231780.6835201,84151348.20608,39600634.44992,346505551.4368,1095205046.5056
584,Goa,North Goa,1056828579.21,243070573.2183,207138401.52516,19022914.425780002,11625114.371310001,726041233.9172701,901474778.06613
585,Goa,South Goa,632487290.49,148002025.97466,154326898.87956,12649745.8098,9487309.35735,466775620.38162005,538879171.49748
586,Lakshadweep,Lakshadweep,4512225.64,1843695.3965039998,646150.7116479999,78512.726136,21658.683071999996,4424688.462584,4408895.672843999
587,Kerala,Kasaragod,1745610180.25,556849647.49975,322937883.34625,132666373.699,47131474.86675,1550101840.0619998,1686259434.1215
588,Kerala,Kannur,7612196054.41,2367392972.92151,1476766034.5555398,471956155.37342,159856117.14260998,7330544800.39683,7498013113.59385
589,Kerala,Wayanad,772773281.44,273561741.62976,309109312.57600003,69549595.3296,42502530.4792,708633099.0804801,736452937.2123201
590,Kerala,Kozhikode,9807653928.96,2657874214.74816,1892877208.2892797,647305159.3113599,353075541.44255996,9513424311.091198,9631116158.23872
591,Kerala,Malappuram,13389475226.41,3695495162.48916,2851958223.2253304,562357959.50922,334736880.66025,12920843593.48565,13188633098.01385
592,Kerala,Palakkad,7998458242.81,2831454217.95474,2247566766.2296104,431916745.11174005,263949122.01273,7054640170.158421,7590536872.426691
593,Kerala,Thrissur,11064241856.89,3894613133.6252804,3153308929.2136497,564276334.7013899,453633916.1324899,10721250359.32641,10876149745.322868
594,Kerala,Ernakulam,13798989454.81,4084500878.6237597,3077174648.42263,689949472.7405,427768673.09911,13371220781.710892,13564406634.07823
595,Kerala,Idukki,1701009794.89,750145319.5464901,399737301.79915,141183812.97587,23814137.12846,1508795688.06743,1689102726.32577
596,Kerala,Kottayam,4599023419.21,1609658196.7235,1218741206.09065,211555077.28365996,119574608.89946002,4415062482.441601,4516240997.66422
597,Kerala,Alappuzha,5235043432.96,1565277986.45504,1397756596.6003199,403098344.33792,340277823.1424,4758654480.56064,4957586131.01312
598,Kerala,Pathanamthitta,2235776656.0,675204550.112,529879067.47199994,109553056.14400001,62601746.36799999,2094922726.6720002,2146345589.76
599,Kerala,Kollam,8558655169.0,2559037895.5309997,2088311861.2359998,641899137.675,470726034.295,7959549307.17,8250543582.916001
600,Kerala,Thiruvananthapuram,13668345596.89,4674574194.13638,3540101509.59451,1394171250.8827798,833769081.4102899,12561209603.541908,13162616809.805069
601,Tamil Nadu,Thiruvallur,12531302414.89,4060141982.42436,2268165737.09509,413532979.69136995,125313024.14889999,3546358583.41387,11127796544.42232
602,Tamil Nadu,Chennai,17269245156.25,,3004848657.1875,,155423206.40625,,16509398369.375
603,Tamil Nadu,Kancheepuram,14725919580.16,4668116506.91072,2591761846.10816,338696150.34367996,117807356.64128,4314694436.98688,12605387160.616959
604,Tamil Nadu,Vellore,13002840900.0,3614789770.2,2730596589.0,299065340.7,195042613.5,2496545452.8,9258022720.8
605,Tamil Nadu,Tiruvannamalai,5043314865.69,1462561311.0500998,943099879.8840299,115996241.91086999,65563093.25397,630414358.21125,3283197977.5641894
606,Tamil Nadu,Viluppuram,9356963745.96,3368506948.5455995,2226957371.53848,187139274.91919997,140354456.1894,1235119214.4667199,6138168217.349758
607,Tamil Nadu,Salem,13697238039.04,4410510648.570881,3342126081.5257597,315036474.89792,178064094.50752002,1999796753.69984,7519783683.4329605
608,Tamil Nadu,Namakkal,3937361702.56,1000089872.4502399,956778893.7220801,70872510.64608,47248340.430719994,1228456851.19872,2149799489.59776
609,Tamil Nadu,Erode,7118026918.56,2035755698.7081602,1694090406.6172802,142360538.3712,78298296.10416001,2398775071.5547204,4541301174.04128
610,Tamil Nadu,The Nilgiris,697514510.25,241340020.54650003,253895281.73099998,14647804.71525,13252775.69475,295048637.83575,410836046.53725
611,Tamil Nadu,Dindigul,5091421857.64,1603797885.1566,1318678261.12876,91645593.43752001,71279906.00696,962278731.0939599,2922476146.2853603
612,Tamil Nadu,Karur,1329776449.21,385635170.2709,267285066.29121003,29255081.88262,11967988.042890001,305848583.3183,892279997.41991
613,Tamil Nadu,Tiruchirappalli,7668977785.29,2285355380.01642,1641161246.05206,184055466.84695998,92027733.42347999,1840554668.4696,5690381516.685181
614,Tamil Nadu,Perambalur,355669424.64,107412166.24128,60108132.76415999,7824727.342080001,3201024.82176,55484430.24384,196329522.40128
615,Tamil Nadu,Ariyalur,646567927.29,245049244.44290996,179099315.85933,21983309.527859997,12931358.545799999,91812645.67518,331689346.69977
616,Tamil Nadu,Cuddalore,5748808876.81,2236286653.07909,1517685543.47784,137971413.04343998,86232133.15215,1144012966.48519,3943682889.49166
617,Tamil Nadu,Nagapattinam,2680547076.0,1198204542.9720001,830969593.56,85777506.43200001,64333129.82399999,836330687.712,1868341311.9720001
618,Tamil Nadu,Thiruvarur,1666100960.41,746413230.26368,464842167.95439005,68310139.37681,28323716.32697,524821802.52915,1212921499.1784801
619,Tamil Nadu,Thanjavur,5675693703.84,2446223986.35504,1628924093.00208,255406216.67279997,113513874.0768,1634599786.7059202,4245418890.47232
620,Tamil Nadu,Pudukkottai,2539565314.81,1003128299.34995,637430894.01731,106661743.22202,40633045.03696,449503060.7213699,1759918763.1633298
621,Tamil Nadu,Sivaganga,2046811418.89,648839219.78813,450298512.15580004,61404342.566700004,28655359.864460003,489187929.11471003,1606746963.8286502
622,Tamil Nadu,Madurai,10209910144.81,3277381156.48401,1766314455.0521302,214408113.04101,81679281.15847999,2113451399.9756699,8658003802.79888
623,Tamil Nadu,Theni,1686112481.29,593511593.41408,504147631.90571,35408362.107090004,21919462.25677,418155895.35991997,876778490.2708
624,Tamil Nadu,Virudhunagar,5398193561.76,1457512261.6752002,1041851357.41968,91769290.54992001,48583742.05584001,788136260.01696,2531752780.4654403
625,Tamil Nadu,Ramanathapuram,1740883831.21,598864037.93624,436961841.63371,52226514.9363,27854141.299360003,391698862.02225,1229063984.83426
626,Tamil Nadu,Thoothukkudi,4054365541.21,1358212456.30535,940612805.56072,81087310.8242,52706752.03573,1143331082.6212199,2963741210.62451
627,Tamil Nadu,Tirunelveli,11335158208.89,3434552937.29367,2845124710.43139,181362531.34223998,124686740.29779,3763272525.35148,7129814513.391809
628,Tamil Nadu,Kanniyakumari,3576530376.81,1273244814.14436,1180255024.3473,96566320.17387001,107295911.30430001,2972096743.1291094,3161652853.1000404
629,Tamil Nadu,Dharmapuri,2380717814.76,788017596.6855601,547565097.3948001,59517945.369,38091485.03616001,254736806.17931998,1404623510.7084002
630,Tamil Nadu,Krishnagiri,3370266916.0,1102077281.532,616758845.628,74145872.15200001,20221601.496,647091247.872,2638918995.2279997
631,Tamil Nadu,Coimbatore,13683197415.04,3749196091.72096,3297650577.0246406,218931158.64064002,109465579.32032001,4556504739.20832,10659210786.31616
632,Tamil Nadu,Tiruppur,8008603284.64,2210374506.5606403,1890030375.1750402,136146255.83888,56060222.99248,2474658414.95376,6006452463.48
633,Puducherry,Yanam,2408393.61,,370892.61594,,16858.755269999998,,1972474.36659
634,Puducherry,Puducherry,847025353.69,270201087.82711005,160934817.2011,22022659.195940003,10164304.24428,303235076.62102,698795916.79425
635,Puducherry,Mahe,1466521.0,,231710.318,,16131.731000000002,,1434257.5379999997
636,Puducherry,Karaikal,48070648.89,17689998.79152,10094836.266900001,1009483.62669,576847.78668,22881628.87164,35764562.774160005
637,Andaman and Nicobar Islands,Nicobars,2546577.64,606085.47832,,30558.93168,,2060181.3107600003,
638,Andaman and Nicobar Islands,North  and Middle Andaman,16148342.25,7153715.616749999,9026923.31775,436005.24075000006,1065790.5884999998,7751204.28,9059220.00225
639,Andaman and Nicobar Islands,South Andaman,73157230.24,24507672.1304,15655647.271359997,2560503.0583999995,877886.7628799998,47332727.96528,64232048.15071999
